{"train/distill_fb":1.7802844047546387,"eval/Q2/mean_d":0.6233775631524623,"eval/Q1/s10":0,"final_s10_Q1":0,"train/stage":3,"final_mean_d_Q2":0.6233775631524623,"eval/Q1/mean_d":0.7350744252558797,"_step":180000,"train/fb_loss":436.97674560546875,"train/distill_pi":0,"final_s10_avg":0.03333333333333333,"final_mean_d_Q1":0.7350744252558797,"_runtime":4293.754201399,"eval/Q3/mean_d":0.3014625231269747,"eval/Q2/s10":0,"final_s10_Q3":0.1,"final_mean_d_Q3":0.3014625231269747,"final_mean_d_avg":0.5533048371784389,"final_s10_Q2":0,"_timestamp":1.775759536407152e+09,"eval/Q3/s10":0.1,"_wandb":{"runtime":4293},"train/actor_loss":-452.59002685546875}