{"final_mean_d_avg":0.5256967740036392,"_runtime":4645.218193386,"train/actor_loss":-449.7686462402344,"train/distill_pi":0,"_wandb":{"runtime":4645},"eval/Q3/mean_d":0.2856635864533018,"eval/Q3/s10":0.3,"final_s10_Q2":0,"eval/Q2/s10":0,"train/stage":3,"_timestamp":1.7757774150220447e+09,"eval/Q1/s10":0,"final_mean_d_Q1":0.69059671247378,"final_mean_d_Q3":0.2856635864533018,"eval/Q2/mean_d":0.6008300230838358,"_step":180000,"train/distill_fb":0.9410722851753235,"final_s10_Q3":0.3,"final_mean_d_Q2":0.6008300230838358,"final_s10_avg":0.09999999999999999,"eval/Q1/mean_d":0.69059671247378,"train/fb_loss":356.00140380859375,"final_s10_Q1":0}