{"_wandb":{"runtime":4324},"final_mean_d_avg":0.2881914510023004,"train/stage":3,"eval/Q2/s10":0.075,"train/actor_loss":-241.66912841796875,"eval/Q1/mean_d":0.4165391866117716,"train/distill_pi":0.29339858889579773,"final_mean_d_Q3":0.11374988847528585,"final_s10_Q1":0.025,"final_mean_d_Q2":0.3342852779198438,"train/distill_fb":0,"final_mean_d_Q1":0.4165391866117716,"_timestamp":1.775849806126294e+09,"final_s10_avg":0.2125,"eval/Q1/s10":0.025,"train/fb_loss":46.003910064697266,"eval/Q2/mean_d":0.3342852779198438,"eval/Q3/mean_d":0.11374988847528585,"final_s10_Q3":0.5375,"_step":180000,"eval/Q3/s10":0.5375,"_runtime":4324.181151555,"final_s10_Q2":0.075}