{"final_s10_Q1":0,"train/fb_loss":172.62026977539062,"final_s10_Q3":0.2875,"train/distill_pi":0,"train/distill_fb":0.8648871779441833,"eval/Q1/mean_d":0.7836697983555496,"_wandb":{"runtime":4294},"_runtime":4294.937443559,"final_mean_d_Q2":0.788213232345879,"eval/Q3/mean_d":0.17218724453123285,"eval/Q3/s10":0.2875,"final_mean_d_Q3":0.17218724453123285,"train/actor_loss":-297.7794494628906,"train/stage":3,"eval/Q2/mean_d":0.788213232345879,"eval/Q2/s10":0,"final_s10_avg":0.09583333333333333,"_timestamp":1.7757595348825066e+09,"eval/Q1/s10":0,"_step":180000,"final_mean_d_Q1":0.7836697983555496,"final_s10_Q2":0,"final_mean_d_avg":0.5813567584108872}