{"eval/Q2/s10":0,"eval/Q1/s10":0,"final_s10_Q3":0,"final_s10_Q1":0,"_runtime":4473.000231678,"train/fb_loss":88.95691680908203,"eval/Q3/mean_d":0.9136853834614158,"final_mean_d_Q2":0.813229550793767,"final_mean_d_Q3":0.9136853834614158,"final_mean_d_Q1":0.7965913750231266,"eval/Q3/s10":0,"_wandb":{"runtime":4473},"eval/Q1/mean_d":0.7965913750231266,"train/distill_fb":59186.3671875,"train/stage":3,"final_s10_Q2":0,"final_s10_avg":0,"_timestamp":1.7757909633081045e+09,"eval/Q2/mean_d":0.813229550793767,"_step":180000,"train/distill_pi":0,"final_mean_d_avg":0.8411687697594364,"train/actor_loss":-290.8333740234375}