{"_timestamp":1.7757727608015654e+09,"final_mean_d_avg":0.5403142633522899,"final_mean_d_Q3":0.1674204588824068,"eval/Q1/mean_d":0.834947551228106,"train/actor_loss":-301.0765380859375,"final_s10_Q1":0,"train/distill_pi":0,"eval/Q3/s10":0.25625,"_wandb":{"runtime":4625},"_runtime":4625.556237637,"eval/Q1/s10":0,"final_s10_Q2":0,"final_s10_Q3":0.25625,"eval/Q2/s10":0,"train/distill_fb":16.163698196411133,"train/fb_loss":81.20470428466797,"final_mean_d_Q1":0.834947551228106,"_step":180000,"train/stage":3,"eval/Q3/mean_d":0.1674204588824068,"eval/Q2/mean_d":0.618574779946357,"final_s10_avg":0.08541666666666665,"final_mean_d_Q2":0.618574779946357}