{"final_mean_d_Q1":0.7197234968654811,"_runtime":4516.664878482,"final_mean_d_Q3":0.10540816070279106,"eval/Q1/s10":0,"final_s10_Q2":0,"final_mean_d_avg":0.45321030825919784,"eval/Q2/mean_d":0.5344992672093213,"train/distill_pi":0,"train/distill_fb":0.9942709803581238,"final_mean_d_Q2":0.5344992672093213,"final_s10_Q1":0,"_timestamp":1.7757999425388424e+09,"train/actor_loss":-289.926513671875,"_wandb":{"runtime":4516},"train/fb_loss":36.351600646972656,"final_s10_avg":0.1708333333333333,"train/stage":3,"eval/Q3/mean_d":0.10540816070279106,"eval/Q3/s10":0.5125,"_step":180000,"final_s10_Q3":0.5125,"eval/Q1/mean_d":0.7197234968654811,"eval/Q2/s10":0}