{"eval/Q2/s10":0,"final_mean_d_Q1":0.7965913750231266,"_wandb":{"runtime":4560},"train/stage":3,"final_mean_d_Q2":0.6101109177805484,"eval/Q3/s10":0.63125,"final_s10_Q1":0,"train/fb_loss":31.525821685791016,"train/actor_loss":-308.7098388671875,"train/distill_pi":0,"_step":180000,"final_mean_d_Q3":0.09263953426852822,"final_mean_d_avg":0.49978060902406773,"eval/Q2/mean_d":0.6101109177805484,"eval/Q1/s10":0,"final_s10_avg":0.21041666666666667,"_timestamp":1.7758045110185428e+09,"train/distill_fb":0.291019082069397,"eval/Q1/mean_d":0.7965913750231266,"_runtime":4560.438676002,"final_s10_Q2":0,"final_s10_Q3":0.63125,"eval/Q3/mean_d":0.09263953426852822}