{"final_s10_Q1":0,"_step":180000,"_runtime":4518.095791132,"_timestamp":1.7757999382281983e+09,"final_s10_Q3":0.4125,"_wandb":{"runtime":4518},"eval/Q2/mean_d":0.7453959261998534,"final_s10_Q2":0,"final_mean_d_Q1":0.7586594582535326,"eval/Q3/mean_d":0.13307510780869053,"eval/Q3/s10":0.4125,"train/distill_fb":7.547715187072754,"final_mean_d_Q3":0.13307510780869053,"eval/Q1/s10":0,"train/actor_loss":-309.16668701171875,"final_mean_d_Q2":0.7453959261998534,"eval/Q1/mean_d":0.7586594582535326,"train/fb_loss":81.25871276855469,"train/distill_pi":0,"eval/Q2/s10":0,"final_s10_avg":0.13749999999999998,"train/stage":3,"final_mean_d_avg":0.5457101640873588}