{"train/actor_loss":-292.4620361328125,"_step":180000,"eval/Q1/mean_d":0.6852698779664934,"eval/Q3/mean_d":0.1749557608971372,"final_mean_d_Q1":0.6852698779664934,"eval/Q3/s10":0.4,"eval/Q2/s10":0,"_runtime":4616.31057731,"train/stage":3,"final_s10_avg":0.13333333333333333,"_timestamp":1.7757773862462444e+09,"train/distill_pi":0,"eval/Q1/s10":0,"train/fb_loss":40.24332809448242,"_wandb":{"runtime":4616},"final_s10_Q2":0,"final_mean_d_Q2":0.5569867454469204,"eval/Q2/mean_d":0.5569867454469204,"final_s10_Q1":0,"final_mean_d_Q3":0.1749557608971372,"train/distill_fb":2.0538086891174316,"final_mean_d_avg":0.472404128103517,"final_s10_Q3":0.4}