{"eval/Q1/s10":0,"eval/Q2/s10":0,"train/actor_loss":-268.9149475097656,"train/distill_fb":0,"_wandb":{"runtime":4317},"eval/Q3/mean_d":0.09904418513178825,"train/stage":3,"final_s10_Q1":0,"eval/Q2/mean_d":0.5751485301647336,"final_mean_d_Q2":0.5751485301647336,"_step":180000,"_timestamp":1.775849810275604e+09,"final_s10_avg":0.17916666666666667,"eval/Q3/s10":0.5375,"final_s10_Q2":0,"final_s10_Q3":0.5375,"_runtime":4317.880584832,"final_mean_d_Q1":0.6160386202856898,"final_mean_d_avg":0.4300771118607372,"final_mean_d_Q3":0.09904418513178825,"train/fb_loss":26.97781753540039,"train/distill_pi":0.14351260662078857,"eval/Q1/mean_d":0.6160386202856898}