{"final_mean_d_Q1":0.5877371780574322,"eval/Q3/mean_d":0.16992323826998473,"eval/Q2/s10":0,"_step":180000,"final_s10_Q3":0.39375,"final_mean_d_Q2":0.5921083361841738,"final_s10_Q1":0,"eval/Q2/mean_d":0.5921083361841738,"eval/Q3/s10":0.39375,"eval/Q1/mean_d":0.5877371780574322,"final_s10_Q2":0,"final_mean_d_avg":0.44992291750386354,"final_mean_d_Q3":0.16992323826998473,"_wandb":{"runtime":4332},"train/distill_fb":0,"train/distill_pi":0.12902231514453888,"train/fb_loss":7.307098388671875,"_timestamp":1.775845484314188e+09,"train/actor_loss":-274.9103698730469,"train/stage":3,"_runtime":4332.095835247,"eval/Q1/s10":0,"final_s10_avg":0.13125}