{"eval/Q2/mean_d":0.673797934409231,"eval/Q2/s10":0,"train/stage":3,"eval/Q3/s10":0.475,"_step":180000,"final_mean_d_Q2":0.673797934409231,"final_s10_Q1":0,"_timestamp":1.7758134785738394e+09,"_runtime":4392.176200632,"final_s10_avg":0.15833333333333333,"eval/Q3/mean_d":0.12850958385970443,"final_mean_d_avg":0.4969909357450281,"train/fb_loss":147.5600128173828,"eval/Q1/mean_d":0.6886652889661491,"final_mean_d_Q1":0.6886652889661491,"_wandb":{"runtime":4392},"train/actor_loss":-299.0276794433594,"final_s10_Q2":0,"train/distill_pi":0,"eval/Q1/s10":0,"final_mean_d_Q3":0.12850958385970443,"final_s10_Q3":0.475,"train/distill_fb":9.184635162353516}