{"train/stage":3,"_wandb":{"runtime":4449},"final_s10_Q1":0.01875,"final_mean_d_avg":0.7269555457867684,"final_mean_d_Q1":0.6382432996295393,"train/actor_loss":-309.4483947753906,"train/distill_fb":39831.1796875,"_step":180000,"eval/Q1/mean_d":0.6382432996295393,"final_mean_d_Q2":0.7509399220347405,"final_mean_d_Q3":0.7916834156960249,"final_s10_avg":0.0062499999999999995,"eval/Q3/s10":0,"_timestamp":1.7757954145635655e+09,"final_s10_Q2":0,"final_s10_Q3":0,"eval/Q2/mean_d":0.7509399220347405,"train/fb_loss":117.12355041503906,"eval/Q3/mean_d":0.7916834156960249,"_runtime":4449.429432396,"train/distill_pi":0,"eval/Q2/s10":0,"eval/Q1/s10":0.01875}