{"eval/Q3/s10":0.225,"train/distill_pi":0,"final_mean_d_Q2":0.6191098935902118,"train/fb_loss":92.81242370605469,"eval/Q2/s10":0,"train/stage":3,"final_s10_Q1":0,"train/distill_fb":7.335131645202637,"_runtime":4395.616248179,"_timestamp":1.7758134819900787e+09,"eval/Q1/mean_d":0.6852698818780482,"final_s10_Q3":0.225,"final_mean_d_Q1":0.6852698818780482,"final_s10_Q2":0,"eval/Q2/mean_d":0.6191098935902118,"final_mean_d_avg":0.5099609158389892,"eval/Q1/s10":0,"train/actor_loss":-322.259033203125,"final_s10_avg":0.075,"final_mean_d_Q3":0.2255029720487073,"_step":180000,"_wandb":{"runtime":4395},"eval/Q3/mean_d":0.2255029720487073}