{"final_mean_d_avg":0.5257593927904963,"final_mean_d_Q1":0.7263862653635442,"final_mean_d_Q3":0.21644275942817331,"train/distill_pi":0,"train/fb_loss":209.3354949951172,"eval/Q2/mean_d":0.6344491535797715,"train/actor_loss":-267.9851989746094,"eval/Q3/s10":0.11875,"train/distill_fb":0.2752003073692322,"_timestamp":1.7758045103550887e+09,"final_s10_Q2":0,"_wandb":{"runtime":4559},"final_mean_d_Q2":0.6344491535797715,"_runtime":4559.723184981,"_step":180000,"eval/Q3/mean_d":0.21644275942817331,"eval/Q1/mean_d":0.7263862653635442,"final_s10_Q1":0,"final_s10_Q3":0.11875,"eval/Q1/s10":0,"eval/Q2/s10":0,"train/stage":3,"final_s10_avg":0.03958333333333333}