{"final_mean_d_Q1":0.7694830402731896,"final_s10_Q2":0,"train/stage":3,"_timestamp":1.7757727696513326e+09,"final_mean_d_Q2":0.7283534683287144,"train/fb_loss":206.41404724121094,"_runtime":4634.565701862,"eval/Q2/mean_d":0.7283534683287144,"eval/Q1/s10":0,"_step":180000,"final_s10_avg":0.16458333333333333,"train/actor_loss":-318.2508850097656,"train/distill_pi":0,"final_s10_Q1":0,"final_mean_d_avg":0.5526361855988702,"eval/Q3/mean_d":0.16007204819470644,"final_mean_d_Q3":0.16007204819470644,"eval/Q3/s10":0.49375,"eval/Q2/s10":0,"eval/Q1/mean_d":0.7694830402731896,"_wandb":{"runtime":4634},"train/distill_fb":12.33898639678955,"final_s10_Q3":0.49375}