{"train/distill_pi":1.471588373184204,"eval/Q3/mean_d":0.1405190423829481,"_step":180000,"final_s10_Q2":0,"final_mean_d_Q2":0.5469234919175505,"_timestamp":1.7758498098284118e+09,"train/distill_fb":0,"train/fb_loss":147.37503051757812,"train/stage":3,"final_s10_Q1":0,"eval/Q1/s10":0,"eval/Q1/mean_d":0.8325335012748838,"final_s10_avg":0.11875000000000001,"eval/Q3/s10":0.35625,"final_mean_d_Q1":0.8325335012748838,"train/actor_loss":-299.5950012207031,"final_mean_d_avg":0.5066586785251275,"final_s10_Q3":0.35625,"_runtime":4317.481411311,"eval/Q2/s10":0,"final_mean_d_Q3":0.1405190423829481,"_wandb":{"runtime":4317},"eval/Q2/mean_d":0.5469234919175505}