{"eval/Q3/s10":0.3875,"_wandb":{"runtime":4281},"_runtime":4281.696409436,"final_mean_d_avg":0.4689614408824127,"_timestamp":1.775768126695938e+09,"eval/Q1/s10":0,"eval/Q2/s10":0,"final_s10_Q2":0,"train/fb_loss":9.0745849609375,"eval/Q2/mean_d":0.5864533761516213,"eval/Q3/mean_d":0.1351744844170753,"eval/Q1/mean_d":0.6852564620785415,"final_s10_Q1":0,"final_mean_d_Q3":0.1351744844170753,"final_s10_avg":0.12916666666666668,"train/stage":3,"train/distill_pi":0,"train/actor_loss":-258.3290710449219,"train/distill_fb":1.8729286193847656,"_step":180000,"final_s10_Q3":0.3875,"final_mean_d_Q1":0.6852564620785415,"final_mean_d_Q2":0.5864533761516213}