{"_runtime":4331.197243867,"eval/Q1/mean_d":0.5781578871421515,"eval/Q1/s10":0,"eval/Q3/s10":0.375,"final_s10_Q1":0,"eval/Q2/s10":0,"eval/Q3/mean_d":0.2719920586445369,"_wandb":{"runtime":4331},"train/actor_loss":-235.0926055908203,"train/distill_pi":4.750162124633789,"train/distill_fb":0,"final_mean_d_Q2":0.6652723414823413,"train/stage":3,"_step":180000,"final_s10_Q2":0,"final_s10_avg":0.125,"final_mean_d_Q3":0.2719920586445369,"eval/Q2/mean_d":0.6652723414823413,"final_mean_d_Q1":0.5781578871421515,"train/fb_loss":81.86307525634766,"final_mean_d_avg":0.5051407624230099,"_timestamp":1.7758266674484346e+09,"final_s10_Q3":0.375}