{"final_s10_Q3":0,"_step":180000,"_wandb":{"runtime":4330},"eval/Q2/mean_d":0.7175853036344051,"final_mean_d_Q2":0.7175853036344051,"eval/Q2/s10":0,"final_s10_Q1":0,"train/stage":3,"final_s10_avg":0,"final_mean_d_Q3":0.7070283791050315,"eval/Q1/s10":0,"eval/Q3/mean_d":0.7070283791050315,"_timestamp":1.7758266666505818e+09,"final_s10_Q2":0,"train/actor_loss":10.052922248840332,"final_mean_d_avg":0.7127221782691776,"eval/Q1/mean_d":0.7135528520680964,"eval/Q3/s10":0,"final_mean_d_Q1":0.7135528520680964,"_runtime":4330.12010222,"train/distill_pi":0.09243126213550568,"train/distill_fb":0,"train/fb_loss":-75.95782470703125}