{"final_mean_d_Q3":0.7074868591502309,"final_s10_Q2":0,"_wandb":{"runtime":4562},"final_mean_d_Q1":0.6812747427262366,"_step":180000,"eval/Q1/s10":0,"eval/Q3/mean_d":0.7074868591502309,"eval/Q2/mean_d":0.8224829453043639,"final_s10_avg":0,"_runtime":4562.226585496,"final_mean_d_Q2":0.8224829453043639,"train/fb_loss":7211.955078125,"train/distill_fb":5.69485754368e+11,"train/distill_pi":0,"_timestamp":1.7758090781754847e+09,"final_mean_d_avg":0.7370815157269438,"final_s10_Q3":0,"train/actor_loss":-174.95855712890625,"eval/Q1/mean_d":0.6812747427262366,"eval/Q3/s10":0,"final_s10_Q1":0,"eval/Q2/s10":0,"train/stage":3}