{"eval/Q3/mean_d":0.15067122061736882,"eval/Q2/mean_d":0.670910299103707,"_timestamp":1.775813478504047e+09,"train/actor_loss":-266.51312255859375,"final_mean_d_Q1":0.7794431747868658,"eval/Q2/s10":0.01875,"final_s10_Q2":0.01875,"train/stage":3,"final_s10_avg":0.14583333333333334,"_step":180000,"eval/Q1/s10":0,"train/distill_pi":0,"final_mean_d_avg":0.5336748981693139,"_wandb":{"runtime":4392},"train/fb_loss":85.9653091430664,"eval/Q3/s10":0.41875,"final_s10_Q1":0,"final_mean_d_Q3":0.15067122061736882,"final_s10_Q3":0.41875,"eval/Q1/mean_d":0.7794431747868658,"_runtime":4392.177701073,"train/distill_fb":6.826752662658691,"final_mean_d_Q2":0.670910299103707}