{"final_mean_d_Q3":0.14284433863358573,"train/actor_loss":-262.6361083984375,"_step":180000,"_runtime":4293.460702511,"eval/Q2/s10":0,"train/fb_loss":99.67940521240234,"final_mean_d_avg":0.5260209270481331,"train/distill_pi":0,"_timestamp":1.7757638383323462e+09,"eval/Q1/s10":0.00625,"eval/Q2/mean_d":0.629343357309699,"eval/Q3/s10":0.51875,"train/stage":3,"eval/Q1/mean_d":0.8058750852011144,"final_mean_d_Q2":0.629343357309699,"final_s10_Q2":0,"_wandb":{"runtime":4293},"eval/Q3/mean_d":0.14284433863358573,"final_s10_Q1":0.00625,"final_s10_Q3":0.51875,"final_s10_avg":0.17500000000000002,"train/distill_fb":0.9449945688247681,"final_mean_d_Q1":0.8058750852011144}