{"final_mean_d_Q3":0.18251215362688528,"final_s10_Q3":0.34375,"final_s10_avg":0.11458333333333333,"final_s10_Q2":0,"_timestamp":1.7757819894998877e+09,"final_s10_Q1":0,"train/distill_fb":133.7725830078125,"train/stage":3,"_runtime":4594.628917987,"train/fb_loss":3.7869644165039062,"_wandb":{"runtime":4594},"eval/Q2/s10":0,"eval/Q3/mean_d":0.18251215362688528,"final_mean_d_Q1":0.7228954465128481,"final_mean_d_Q2":0.6313199914991856,"eval/Q3/s10":0.34375,"eval/Q1/mean_d":0.7228954465128481,"final_mean_d_avg":0.5122425305463063,"eval/Q1/s10":0,"eval/Q2/mean_d":0.6313199914991856,"_step":180000,"train/actor_loss":-376.823486328125,"train/distill_pi":0}