{"final_s10_avg":0.15416666666666667,"final_mean_d_Q3":0.12777237669797614,"train/stage":3,"eval/Q3/mean_d":0.12777237669797614,"eval/Q3/s10":0.4625,"eval/Q2/s10":0,"_timestamp":1.7758498102262511e+09,"_step":180000,"train/distill_fb":0,"_wandb":{"runtime":4317},"train/fb_loss":25.82757568359375,"final_s10_Q1":0,"train/actor_loss":-254.1362762451172,"final_mean_d_avg":0.5002852426570219,"final_mean_d_Q1":0.8060998314991593,"final_s10_Q2":0,"final_mean_d_Q2":0.5669835197739304,"eval/Q1/s10":0,"final_s10_Q3":0.4625,"eval/Q1/mean_d":0.8060998314991593,"_runtime":4317.817346111,"train/distill_pi":1.250192403793335,"eval/Q2/mean_d":0.5669835197739304}