{"eval/Q3/s10":0.15,"train/distill_pi":0,"final_mean_d_Q2":0.6570441934745759,"final_mean_d_Q1":0.7715615835040808,"eval/Q2/s10":0.00625,"final_s10_Q1":0,"eval/Q1/mean_d":0.7715615835040808,"final_mean_d_Q3":0.17544989187736065,"_runtime":4560.902174915,"train/distill_fb":36046.73828125,"final_s10_Q3":0.15,"_wandb":{"runtime":4560},"eval/Q3/mean_d":0.17544989187736065,"_timestamp":1.7758090768253033e+09,"final_s10_avg":0.052083333333333336,"final_s10_Q2":0.00625,"_step":180000,"eval/Q1/s10":0,"train/actor_loss":-131.75457763671875,"train/fb_loss":71223.59375,"final_mean_d_avg":0.5346852229520057,"eval/Q2/mean_d":0.6570441934745759,"train/stage":3}