{"eval/Q2/s10":0,"_runtime":4331.822755686,"final_s10_Q3":0.25,"eval/Q3/mean_d":0.2801586479647085,"eval/Q1/mean_d":0.5278329171705991,"final_mean_d_Q3":0.2801586479647085,"train/distill_fb":0,"_timestamp":1.7758454840472355e+09,"final_s10_Q1":0,"train/actor_loss":-319.7899169921875,"final_mean_d_Q2":0.48337562326341865,"_step":180000,"_wandb":{"runtime":4331},"eval/Q2/mean_d":0.48337562326341865,"final_mean_d_avg":0.4304557294662421,"eval/Q1/s10":0,"final_s10_avg":0.08333333333333333,"train/distill_pi":0.16238722205162048,"train/stage":3,"train/fb_loss":143.62356567382812,"eval/Q3/s10":0.25,"final_mean_d_Q1":0.5278329171705991,"final_s10_Q2":0}