{"final_s10_avg":0.05833333333333333,"_runtime":4293.183034253,"_wandb":{"runtime":4293},"train/distill_fb":196.113525390625,"final_s10_Q1":0,"final_s10_Q3":0.175,"_timestamp":1.7757638383839378e+09,"train/distill_pi":0,"final_mean_d_Q1":0.6852698128670454,"final_mean_d_Q2":0.5783675598911941,"train/actor_loss":-405.6289367675781,"eval/Q3/s10":0.175,"final_mean_d_avg":0.5030842769619388,"final_mean_d_Q3":0.24561545812757685,"train/stage":3,"eval/Q2/mean_d":0.5783675598911941,"eval/Q2/s10":0,"eval/Q3/mean_d":0.24561545812757685,"_step":180000,"train/fb_loss":151.7190704345703,"eval/Q1/mean_d":0.6852698128670454,"final_s10_Q2":0,"eval/Q1/s10":0}