{"eval/Q3/s10":0.43125,"_timestamp":1.775804509820449e+09,"eval/Q2/s10":0,"final_s10_avg":0.14375000000000002,"_wandb":{"runtime":4559},"train/stage":3,"eval/Q3/mean_d":0.18163947479333728,"eval/Q1/mean_d":0.795588868111372,"train/actor_loss":-339.118896484375,"final_mean_d_Q2":0.6335705641657114,"final_s10_Q2":0,"eval/Q1/s10":0,"train/distill_pi":0,"final_mean_d_Q3":0.18163947479333728,"final_s10_Q1":0,"final_mean_d_avg":0.5369329690234735,"_step":180000,"eval/Q2/mean_d":0.6335705641657114,"_runtime":4559.280579775,"train/distill_fb":0.29483839869499207,"final_s10_Q3":0.43125,"train/fb_loss":125.2308578491211,"final_mean_d_Q1":0.795588868111372}