{"final_mean_d_Q2":0.578113198839128,"eval/Q1/s10":0,"final_s10_Q3":0.4,"train/fb_loss":82.50699615478516,"_wandb":{"runtime":4293},"train/distill_fb":205.24057006835938,"train/actor_loss":-290.0959777832031,"eval/Q2/s10":0,"_timestamp":1.775763838387661e+09,"final_mean_d_Q3":0.15724055719329044,"eval/Q2/mean_d":0.578113198839128,"final_s10_avg":0.13333333333333333,"final_s10_Q1":0,"_runtime":4293.212198141,"final_mean_d_avg":0.5127887893739778,"eval/Q3/s10":0.4,"_step":180000,"train/distill_pi":0,"eval/Q1/mean_d":0.8030126120895147,"train/stage":3,"final_s10_Q2":0,"final_mean_d_Q1":0.8030126120895147,"eval/Q3/mean_d":0.15724055719329044}