{"_step":180000,"eval/Q1/mean_d":0.6852698818780482,"eval/Q1/s10":0,"train/distill_pi":0,"train/actor_loss":-358.2391052246094,"final_mean_d_Q1":0.6852698818780482,"final_s10_Q3":0.28125,"eval/Q3/mean_d":0.14300707585643976,"train/stage":3,"final_mean_d_Q2":0.7596780127845705,"eval/Q3/s10":0.28125,"final_s10_avg":0.09375,"final_s10_Q1":0,"final_mean_d_Q3":0.14300707585643976,"final_mean_d_avg":0.5293183235063528,"_runtime":4478.57200373,"_wandb":{"runtime":4478},"eval/Q2/mean_d":0.7596780127845705,"train/distill_fb":0.7958786487579346,"_timestamp":1.775790963786383e+09,"train/fb_loss":234.49270629882812,"eval/Q2/s10":0,"final_s10_Q2":0}