{"eval/Q1/mean_d":0.7928882416337728,"train/distill_fb":0,"train/distill_pi":1.7773232460021973,"final_mean_d_avg":0.5522446902624021,"final_s10_Q1":0,"train/fb_loss":124.05499267578125,"eval/Q2/mean_d":0.5778648816049099,"eval/Q3/mean_d":0.28598094754852355,"eval/Q1/s10":0,"_timestamp":1.7758454824223244e+09,"final_mean_d_Q1":0.7928882416337728,"eval/Q3/s10":0.275,"train/actor_loss":-313.9145812988281,"final_s10_avg":0.09166666666666667,"_runtime":4330.118205375,"train/stage":3,"final_s10_Q2":0,"_wandb":{"runtime":4330},"final_mean_d_Q2":0.5778648816049099,"final_mean_d_Q3":0.28598094754852355,"_step":180000,"eval/Q2/s10":0,"final_s10_Q3":0.275}