{"_wandb":{"runtime":4516},"eval/Q3/mean_d":0.11337946992134676,"train/stage":3,"train/fb_loss":42.23014831542969,"final_s10_Q3":0.55,"eval/Q2/mean_d":0.5853745751082897,"_runtime":4516.708816616,"train/distill_fb":7.905574321746826,"_timestamp":1.7757999425034883e+09,"final_mean_d_Q2":0.5853745751082897,"final_mean_d_avg":0.4839522941154428,"final_mean_d_Q3":0.11337946992134676,"eval/Q1/mean_d":0.7531028373166919,"train/actor_loss":-296.043701171875,"eval/Q1/s10":0,"train/distill_pi":0,"final_s10_Q1":0,"final_s10_Q2":0,"_step":180000,"final_s10_avg":0.18333333333333335,"final_mean_d_Q1":0.7531028373166919,"eval/Q2/s10":0,"eval/Q3/s10":0.55}