{"eval/Q3/mean_d":0.15753699938068166,"final_mean_d_avg":0.5211954736965708,"final_mean_d_Q1":0.8204933192580939,"_wandb":{"runtime":4447},"eval/Q1/s10":0,"eval/Q3/s10":0.2625,"eval/Q2/mean_d":0.585556102450937,"final_s10_Q1":0,"train/actor_loss":-376.9747314453125,"train/distill_fb":125.8084945678711,"final_mean_d_Q2":0.585556102450937,"_step":180000,"_timestamp":1.7757954180415566e+09,"train/fb_loss":-1.4680824279785156,"train/distill_pi":0,"final_s10_avg":0.08750000000000001,"_runtime":4447.543422769,"final_mean_d_Q3":0.15753699938068166,"eval/Q1/mean_d":0.8204933192580939,"final_s10_Q2":0,"final_s10_Q3":0.2625,"eval/Q2/s10":0,"train/stage":3}