{"train/stage":3,"_wandb":{"runtime":4330},"final_mean_d_avg":0.556851818257322,"eval/Q2/s10":0,"eval/Q2/mean_d":0.6321971191093325,"_runtime":4330.166023562,"_step":180000,"final_s10_Q2":0,"_timestamp":1.7758266667107422e+09,"final_mean_d_Q3":0.380019015353173,"train/distill_pi":7.894659042358398,"train/fb_loss":126.92005920410156,"eval/Q1/mean_d":0.6583393203094602,"eval/Q3/s10":0.04375,"train/distill_fb":0,"final_mean_d_Q1":0.6583393203094602,"final_mean_d_Q2":0.6321971191093325,"final_s10_avg":0.014583333333333332,"train/actor_loss":-206.30392456054688,"final_s10_Q1":0,"final_s10_Q3":0.04375,"eval/Q3/mean_d":0.380019015353173,"eval/Q1/s10":0}