{"_timestamp":1.775759534694399e+09,"_wandb":{"runtime":4294},"eval/Q3/mean_d":0.12027963654254563,"train/distill_pi":0,"eval/Q1/s10":0,"final_mean_d_Q1":0.7434668654575944,"eval/Q1/mean_d":0.7434668654575944,"final_s10_avg":0.13958333333333334,"_runtime":4294.850195172,"final_s10_Q3":0.41875,"train/actor_loss":-269.98211669921875,"final_s10_Q2":0,"final_mean_d_Q3":0.12027963654254563,"eval/Q2/s10":0,"train/fb_loss":31.477615356445312,"final_mean_d_avg":0.4699767109103656,"final_mean_d_Q2":0.5461836307309568,"train/stage":3,"final_s10_Q1":0,"_step":180000,"eval/Q3/s10":0.41875,"train/distill_fb":0.9085133075714111,"eval/Q2/mean_d":0.5461836307309568}