{"train/actor_loss":-256.77386474609375,"_step":180000,"train/stage":3,"eval/Q2/s10":0,"train/distill_fb":59.18760299682617,"train/distill_pi":0,"final_mean_d_Q2":0.6986270015127957,"eval/Q1/mean_d":0.7500009984709323,"final_s10_Q2":0,"final_s10_Q1":0,"_wandb":{"runtime":4423},"eval/Q3/s10":0.3625,"final_mean_d_avg":0.5465252671623603,"final_mean_d_Q3":0.19094780150335283,"eval/Q1/s10":0,"eval/Q2/mean_d":0.6986270015127957,"_timestamp":1.775822330025092e+09,"eval/Q3/mean_d":0.19094780150335283,"final_s10_avg":0.12083333333333333,"final_mean_d_Q1":0.7500009984709323,"_runtime":4423.557980188,"train/fb_loss":217.1055145263672,"final_s10_Q3":0.3625}