{"eval/Q2/mean_d":0.5742279356345534,"_wandb":{"runtime":4478},"final_mean_d_Q2":0.5742279356345534,"train/actor_loss":-292.33392333984375,"final_s10_Q2":0,"final_mean_d_Q3":0.10213442055974156,"eval/Q3/s10":0.54375,"train/distill_fb":10.113649368286133,"final_s10_Q3":0.54375,"final_mean_d_avg":0.45399403445577874,"eval/Q1/mean_d":0.6856197471730411,"_runtime":4478.376616572,"train/fb_loss":123.20487213134766,"_step":180000,"final_s10_Q1":0,"eval/Q3/mean_d":0.10213442055974156,"final_mean_d_Q1":0.6856197471730411,"eval/Q2/s10":0,"train/distill_pi":0,"train/stage":3,"_timestamp":1.7757864731101139e+09,"eval/Q1/s10":0,"final_s10_avg":0.18125}