{"eval/Q2/s10":0,"train/actor_loss":-181.5776824951172,"final_mean_d_Q1":0.730909264460206,"eval/Q3/mean_d":0.7631989017128944,"_runtime":4563.669479338,"eval/Q2/mean_d":0.7801936162635684,"train/fb_loss":507.77923583984375,"train/distill_fb":5.7807597568e+10,"train/distill_pi":0,"_wandb":{"runtime":4563},"final_s10_Q3":0,"final_s10_avg":0,"final_mean_d_avg":0.7581005941455562,"_step":180000,"final_s10_Q2":0,"eval/Q1/mean_d":0.730909264460206,"eval/Q3/s10":0,"eval/Q1/s10":0,"final_mean_d_Q2":0.7801936162635684,"final_mean_d_Q3":0.7631989017128944,"_timestamp":1.775809074061925e+09,"final_s10_Q1":0,"train/stage":3}