{"final_s10_avg":0.06666666666666667,"eval/Q2/mean_d":0.6091720499098301,"train/fb_loss":69.91007232666016,"eval/Q2/s10":0,"_runtime":4527.115081401,"final_s10_Q3":0.2,"final_mean_d_avg":0.539017618028447,"final_mean_d_Q2":0.6091720499098301,"final_mean_d_Q1":0.8248148705810309,"train/distill_fb":4.479130744934082,"eval/Q3/s10":0.2,"eval/Q1/s10":0,"_timestamp":1.7757999528829203e+09,"train/stage":3,"eval/Q1/mean_d":0.8248148705810309,"final_mean_d_Q3":0.18306593359448015,"_step":180000,"final_s10_Q1":0,"train/distill_pi":0,"_wandb":{"runtime":4527},"final_s10_Q2":0,"eval/Q3/mean_d":0.18306593359448015,"train/actor_loss":-278.0953369140625}