{"eval/Q3/mean_d":0.8238415389321745,"final_s10_Q2":0,"final_mean_d_avg":0.7522865413688123,"eval/Q2/mean_d":0.7813106749206782,"final_s10_Q1":0,"train/actor_loss":-291.01953125,"eval/Q1/mean_d":0.6517074102535844,"final_mean_d_Q3":0.8238415389321745,"train/distill_fb":51895.50390625,"final_s10_Q3":0,"_timestamp":1.7757909632317443e+09,"_wandb":{"runtime":4472},"final_s10_avg":0,"_runtime":4472.971004798,"eval/Q1/s10":0,"_step":180000,"final_mean_d_Q1":0.6517074102535844,"train/stage":3,"eval/Q2/s10":0,"train/fb_loss":128.47482299804688,"eval/Q3/s10":0,"train/distill_pi":0,"final_mean_d_Q2":0.7813106749206782}