{"train/fb_loss":132.62905883789062,"final_mean_d_Q3":0.3291508604655974,"train/actor_loss":-204.66033935546875,"eval/Q3/mean_d":0.3291508604655974,"final_s10_avg":0.012499999999999999,"_timestamp":1.7758266626817782e+09,"eval/Q1/s10":0,"final_mean_d_Q1":0.7173593225888908,"eval/Q1/mean_d":0.7173593225888908,"eval/Q2/mean_d":0.5434534282423555,"_step":180000,"final_mean_d_Q2":0.5434534282423555,"final_mean_d_avg":0.5299878704322812,"eval/Q2/s10":0,"final_s10_Q1":0,"final_s10_Q2":0,"_wandb":{"runtime":4331},"_runtime":4331.515642424,"final_s10_Q3":0.0375,"eval/Q3/s10":0.0375,"train/distill_fb":0,"train/distill_pi":9.34946060180664,"train/stage":3}