{"eval/Q1/mean_d":0.742518895957619,"train/stage":3,"final_mean_d_avg":0.4924095230662109,"_wandb":{"runtime":4296},"final_mean_d_Q3":0.1703059036808554,"final_mean_d_Q1":0.742518895957619,"final_s10_avg":0.12916666666666668,"train/fb_loss":110.3342056274414,"final_s10_Q1":0,"eval/Q3/s10":0.3875,"train/actor_loss":-332.3943786621094,"eval/Q3/mean_d":0.1703059036808554,"_runtime":4296.404075826,"train/distill_fb":1.9422266483306885,"final_s10_Q3":0.3875,"eval/Q1/s10":0,"_timestamp":1.7757595360424502e+09,"train/distill_pi":0,"final_s10_Q2":0,"eval/Q2/mean_d":0.5644037695601583,"final_mean_d_Q2":0.5644037695601583,"eval/Q2/s10":0,"_step":180000}