{"eval/Q3/s10":0.4875,"_wandb":{"runtime":4282},"eval/Q2/s10":0,"train/fb_loss":24.811782836914062,"final_mean_d_avg":0.5760030828959619,"_step":180000,"train/distill_pi":0,"final_mean_d_Q2":0.7129402194172144,"_runtime":4282.169801043,"eval/Q2/mean_d":0.7129402194172144,"eval/Q1/mean_d":0.8652371861040592,"final_mean_d_Q3":0.14983184316661208,"final_s10_avg":0.1625,"final_s10_Q1":0,"final_s10_Q2":0,"final_s10_Q3":0.4875,"final_mean_d_Q1":0.8652371861040592,"train/stage":3,"eval/Q3/mean_d":0.14983184316661208,"_timestamp":1.7757681270105371e+09,"train/distill_fb":0.27313411235809326,"eval/Q1/s10":0,"train/actor_loss":-299.0462341308594}