{"final_mean_d_Q2":0.6584736553952097,"final_s10_avg":0.16666666666666666,"final_s10_Q1":0,"final_s10_Q3":0.49375,"train/distill_pi":0,"eval/Q3/s10":0.49375,"_wandb":{"runtime":4293},"final_mean_d_avg":0.5249521229959403,"final_mean_d_Q1":0.8126740828156471,"eval/Q1/s10":0,"final_mean_d_Q3":0.10370863077696413,"eval/Q1/mean_d":0.8126740828156471,"train/distill_fb":6.048880100250244,"eval/Q2/s10":0.00625,"eval/Q2/mean_d":0.6584736553952097,"final_s10_Q2":0.00625,"train/actor_loss":-287.92132568359375,"eval/Q3/mean_d":0.10370863077696413,"train/fb_loss":48.599212646484375,"_timestamp":1.7757595358124914e+09,"_step":180000,"train/stage":3,"_runtime":4293.187015614}