{"_step":180000,"eval/Q2/s10":0,"final_s10_Q1":0,"final_s10_Q2":0,"eval/Q2/mean_d":0.6978371657431126,"final_s10_avg":0.12083333333333333,"eval/Q3/mean_d":0.21025618239073082,"train/fb_loss":170.63331604003906,"_runtime":4556.586543572,"final_mean_d_Q3":0.21025618239073082,"_wandb":{"runtime":4556},"eval/Q1/s10":0,"eval/Q3/s10":0.3625,"_timestamp":1.7758045020824544e+09,"train/distill_pi":0,"train/stage":3,"eval/Q1/mean_d":0.7478010205551981,"train/distill_fb":1.0573310852050781,"train/actor_loss":-319.61077880859375,"final_mean_d_avg":0.5519647895630139,"final_mean_d_Q1":0.7478010205551981,"final_s10_Q3":0.3625,"final_mean_d_Q2":0.6978371657431126}