{"train/fb_loss":37.454036712646484,"eval/Q2/mean_d":0.6308428565971553,"train/stage":3,"final_mean_d_avg":0.5384193964477163,"final_mean_d_Q2":0.6308428565971553,"eval/Q1/mean_d":0.7898195808753371,"final_s10_avg":0.10208333333333335,"final_s10_Q3":0.30625,"final_s10_Q2":0,"_step":180000,"eval/Q1/s10":0,"train/actor_loss":-316.00860595703125,"eval/Q3/s10":0.30625,"train/distill_fb":0.24033117294311523,"_wandb":{"runtime":4281},"final_mean_d_Q3":0.1945957518706564,"eval/Q2/s10":0,"train/distill_pi":0,"_runtime":4281.967810861,"_timestamp":1.775768127052427e+09,"final_s10_Q1":0,"final_mean_d_Q1":0.7898195808753371,"eval/Q3/mean_d":0.1945957518706564}