{"_runtime":4548.1459863,"_step":180000,"train/distill_fb":1.752741183488e+12,"final_s10_avg":0,"final_s10_Q3":0,"eval/Q3/mean_d":0.5469487915746868,"_wandb":{"runtime":4548},"final_mean_d_Q3":0.5469487915746868,"train/fb_loss":245528.5625,"train/actor_loss":-95.62217712402344,"final_s10_Q1":0,"eval/Q1/mean_d":0.6023573168553412,"final_mean_d_Q1":0.6023573168553412,"eval/Q2/mean_d":0.7809157500974834,"train/stage":3,"train/distill_pi":0,"final_mean_d_Q2":0.7809157500974834,"final_mean_d_avg":0.6434072861758371,"eval/Q2/s10":0,"_timestamp":1.7758045087874234e+09,"eval/Q3/s10":0,"final_s10_Q2":0,"eval/Q1/s10":0}