{"train/stage":3,"eval/Q1/s10":0,"eval/Q2/s10":0,"final_mean_d_avg":0.7388118563685566,"final_mean_d_Q1":0.7894884346984327,"final_s10_Q2":0,"eval/Q1/mean_d":0.7894884346984327,"final_s10_avg":0,"eval/Q3/mean_d":0.5712317566853017,"eval/Q3/s10":0,"train/actor_loss":-361.6886291503906,"_step":180000,"final_mean_d_Q2":0.8557153777219355,"final_mean_d_Q3":0.5712317566853017,"train/distill_pi":0,"train/distill_fb":421836.5625,"train/fb_loss":-160.739501953125,"_wandb":{"runtime":4473},"final_s10_Q3":0,"_runtime":4473.728978436,"final_s10_Q1":0,"eval/Q2/mean_d":0.8557153777219355,"_timestamp":1.7757909640491405e+09}