{"_step":180000,"train/distill_pi":0,"eval/Q3/s10":0.375,"train/actor_loss":-278.8623962402344,"final_mean_d_Q3":0.1691119943454396,"final_mean_d_avg":0.5578448613387688,"final_s10_Q2":0,"train/fb_loss":77.01606750488281,"_wandb":{"runtime":4282},"final_s10_Q3":0.375,"final_mean_d_Q2":0.7634144430980087,"eval/Q2/s10":0,"_timestamp":1.7757681271375625e+09,"final_s10_avg":0.125,"eval/Q1/s10":0,"eval/Q1/mean_d":0.7410081465728581,"final_s10_Q1":0,"train/stage":3,"eval/Q2/mean_d":0.7634144430980087,"train/distill_fb":2.921781063079834,"_runtime":4282.207368494,"eval/Q3/mean_d":0.1691119943454396,"final_mean_d_Q1":0.7410081465728581}