{"_timestamp":1.775813482636125e+09,"eval/Q2/mean_d":0.5897805571556092,"train/distill_fb":7.054680824279785,"train/stage":3,"_step":180000,"final_s10_Q1":0,"final_mean_d_avg":0.49041776640030244,"eval/Q1/mean_d":0.7043008109554648,"eval/Q2/s10":0,"train/actor_loss":-259.21856689453125,"final_mean_d_Q3":0.17717193108983337,"final_s10_Q2":0,"_runtime":4396.595966626,"final_mean_d_Q1":0.7043008109554648,"final_s10_avg":0.10416666666666667,"_wandb":{"runtime":4396},"train/fb_loss":86.25392150878906,"final_s10_Q3":0.3125,"eval/Q3/mean_d":0.17717193108983337,"eval/Q3/s10":0.3125,"eval/Q1/s10":0,"train/distill_pi":0,"final_mean_d_Q2":0.5897805571556092}