{"eval/Q1/s10":0,"final_s10_Q1":0,"_runtime":4293.875199765,"final_s10_avg":0.11666666666666665,"final_mean_d_Q2":0.6409033847041428,"train/stage":3,"train/distill_fb":0.1039477214217186,"_timestamp":1.7757638388491795e+09,"final_mean_d_avg":0.5215895047294907,"eval/Q2/s10":0,"eval/Q1/mean_d":0.7877131375484169,"train/distill_pi":0,"_step":180000,"eval/Q2/mean_d":0.6409033847041428,"_wandb":{"runtime":4293},"train/actor_loss":-304.5267639160156,"final_s10_Q3":0.35,"train/fb_loss":72.53646087646484,"final_mean_d_Q3":0.13615199193591251,"eval/Q3/mean_d":0.13615199193591251,"final_mean_d_Q1":0.7877131375484169,"eval/Q3/s10":0.35,"final_s10_Q2":0}