{"final_s10_Q1":0,"train/actor_loss":-171.5481719970703,"final_s10_avg":0.016666666666666666,"_timestamp":1.7758266666422687e+09,"eval/Q1/s10":0,"_wandb":{"runtime":4330},"train/stage":3,"final_s10_Q2":0,"train/distill_pi":7.275043487548828,"train/distill_fb":0,"train/fb_loss":110.616943359375,"final_mean_d_Q2":0.5090593771077693,"_step":180000,"eval/Q2/s10":0,"final_mean_d_Q3":0.37194456643483137,"eval/Q1/mean_d":0.7253541803918779,"final_s10_Q3":0.05,"eval/Q3/mean_d":0.37194456643483137,"eval/Q2/mean_d":0.5090593771077693,"final_mean_d_Q1":0.7253541803918779,"final_mean_d_avg":0.5354527079781596,"_runtime":4330.20392416,"eval/Q3/s10":0.05}