{"final_s10_avg":0.12083333333333333,"final_mean_d_Q1":0.6725735154002905,"_timestamp":1.7757864829448256e+09,"train/actor_loss":-309.3595886230469,"_wandb":{"runtime":4463},"eval/Q1/mean_d":0.6725735154002905,"final_mean_d_avg":0.48381782077097646,"eval/Q1/s10":0,"eval/Q2/mean_d":0.5784142576158047,"train/stage":3,"eval/Q2/s10":0,"_step":180000,"train/distill_fb":1.2115654945373535,"final_mean_d_Q2":0.5784142576158047,"train/fb_loss":90.45002746582031,"_runtime":4463.188473299,"eval/Q3/s10":0.3625,"train/distill_pi":0,"final_s10_Q3":0.3625,"final_s10_Q1":0,"final_s10_Q2":0,"eval/Q3/mean_d":0.20046568929683417,"final_mean_d_Q3":0.20046568929683417}