{"final_s10_avg":0.11875000000000001,"final_s10_Q2":0,"eval/Q3/mean_d":0.16684944243752398,"final_mean_d_avg":0.56191785914707,"eval/Q2/s10":0,"eval/Q1/mean_d":0.7907706927508116,"_timestamp":1.775759536328613e+09,"train/fb_loss":64.7280044555664,"final_s10_Q1":0,"_runtime":4296.429733197,"final_mean_d_Q1":0.7907706927508116,"eval/Q2/mean_d":0.7281334422528744,"final_mean_d_Q2":0.7281334422528744,"train/stage":3,"eval/Q3/s10":0.35625,"final_mean_d_Q3":0.16684944243752398,"train/distill_fb":1.6191811561584473,"eval/Q1/s10":0,"_step":180000,"train/actor_loss":-295.76641845703125,"_wandb":{"runtime":4296},"train/distill_pi":0,"final_s10_Q3":0.35625}