{"_step":180000,"final_s10_Q1":0,"eval/Q2/s10":0,"final_s10_Q3":0.1125,"_wandb":{"runtime":4475},"eval/Q3/s10":0.1125,"final_mean_d_avg":0.5399595943900447,"_timestamp":1.775786485137516e+09,"eval/Q3/mean_d":0.27207853868603704,"final_mean_d_Q3":0.27207853868603704,"eval/Q2/mean_d":0.6625972272828221,"train/distill_pi":0,"eval/Q1/s10":0,"train/stage":3,"train/actor_loss":-326.67437744140625,"_runtime":4475.224943731,"final_mean_d_Q2":0.6625972272828221,"eval/Q1/mean_d":0.6852030172012746,"train/fb_loss":219.59371948242188,"final_s10_avg":0.0375,"final_mean_d_Q1":0.6852030172012746,"final_s10_Q2":0,"train/distill_fb":11.362332344055176}