{"train/stage":3,"_runtime":4585.474417434,"_timestamp":1.7757820002173905e+09,"train/actor_loss":-381.2175598144531,"final_mean_d_Q1":0.7638646346516907,"train/fb_loss":50.60068130493164,"train/distill_pi":0,"_step":180000,"final_s10_Q3":0.24375,"eval/Q2/s10":0,"final_s10_avg":0.08125,"eval/Q3/mean_d":0.1691669357358478,"final_mean_d_avg":0.4669243142125197,"final_s10_Q1":0,"eval/Q3/s10":0.24375,"final_mean_d_Q3":0.1691669357358478,"eval/Q1/s10":0,"final_s10_Q2":0,"final_mean_d_Q2":0.4677413722500205,"eval/Q1/mean_d":0.7638646346516907,"train/distill_fb":72.806884765625,"eval/Q2/mean_d":0.4677413722500205,"_wandb":{"runtime":4585}}