{"eval/Q3/mean_d":0.14398889970034362,"final_mean_d_avg":0.5390546161060532,"final_s10_avg":0.17500000000000002,"train/stage":3,"eval/Q3/s10":0.525,"final_s10_Q2":0,"_step":180000,"eval/Q1/mean_d":0.8045389985665679,"eval/Q2/mean_d":0.6686359500512481,"train/actor_loss":-300.1165771484375,"final_mean_d_Q1":0.8045389985665679,"final_mean_d_Q2":0.6686359500512481,"train/distill_pi":0,"final_s10_Q3":0.525,"eval/Q1/s10":0,"final_mean_d_Q3":0.14398889970034362,"_runtime":4625.632628365,"final_s10_Q1":0,"train/distill_fb":2.2624144554138184,"_timestamp":1.7757727607063603e+09,"eval/Q2/s10":0,"_wandb":{"runtime":4625},"train/fb_loss":90.33816528320312}