{"train/distill_fb":200.3158721923828,"eval/Q2/s10":0.00625,"final_mean_d_Q1":0.8761302458122373,"eval/Q2/mean_d":0.5628653428051621,"eval/Q1/mean_d":0.8761302458122373,"final_s10_Q3":0.425,"final_s10_avg":0.14375,"_wandb":{"runtime":4592},"train/distill_pi":0,"_step":180000,"final_mean_d_Q3":0.20106425322592258,"eval/Q3/s10":0.425,"final_s10_Q1":0,"final_mean_d_avg":0.5466866139477741,"eval/Q3/mean_d":0.20106425322592258,"train/actor_loss":-373.76556396484375,"eval/Q1/s10":0,"_runtime":4592.533623945,"final_mean_d_Q2":0.5628653428051621,"final_s10_Q2":0.00625,"train/stage":3,"_timestamp":1.775781992086066e+09,"train/fb_loss":40.8958740234375}