{"final_s10_avg":0.14375,"eval/Q3/mean_d":0.13446688238764182,"eval/Q2/mean_d":0.5701516636647284,"final_mean_d_Q3":0.13446688238764182,"train/stage":3,"eval/Q1/mean_d":0.7923374052159489,"eval/Q1/s10":0,"train/actor_loss":-359.0730895996094,"train/fb_loss":24.951583862304688,"final_s10_Q2":0.01875,"final_s10_Q1":0,"_timestamp":1.7757819938099334e+09,"_step":180000,"train/distill_pi":0,"final_mean_d_Q2":0.5701516636647284,"_runtime":4589.174743025,"final_s10_Q3":0.4125,"final_mean_d_avg":0.49898531708943966,"final_mean_d_Q1":0.7923374052159489,"eval/Q2/s10":0.01875,"_wandb":{"runtime":4589},"eval/Q3/s10":0.4125,"train/distill_fb":136.46566772460938}