{"_timestamp":1.775849810180293e+09,"eval/Q3/s10":0.7,"train/fb_loss":38.73697280883789,"_runtime":4317.848368751,"final_mean_d_avg":0.39327358081178926,"final_mean_d_Q2":0.5421769495122135,"final_s10_Q3":0.7,"eval/Q2/mean_d":0.5421769495122135,"train/actor_loss":-296.3736572265625,"train/stage":3,"final_s10_avg":0.2583333333333333,"eval/Q3/mean_d":0.12127910472972872,"eval/Q1/mean_d":0.5163646881934255,"train/distill_fb":0,"eval/Q2/s10":0,"final_mean_d_Q3":0.12127910472972872,"_step":180000,"eval/Q1/s10":0.075,"final_mean_d_Q1":0.5163646881934255,"final_s10_Q1":0.075,"train/distill_pi":0.2067977786064148,"_wandb":{"runtime":4317},"final_s10_Q2":0}