{"train/stage":3,"eval/Q2/s10":0.05,"final_s10_Q3":0.5375,"eval/Q1/mean_d":0.7613359191454947,"final_mean_d_Q2":0.6208081889737513,"final_s10_Q2":0.05,"eval/Q2/mean_d":0.6208081889737513,"final_mean_d_avg":0.49846929165311543,"_wandb":{"runtime":4633},"train/fb_loss":141.40005493164062,"final_s10_avg":0.19583333333333333,"train/distill_pi":0,"eval/Q1/s10":0,"train/distill_fb":10.052821159362793,"_step":180000,"final_s10_Q1":0,"final_mean_d_Q1":0.7613359191454947,"_runtime":4633.818864841,"final_mean_d_Q3":0.11326376684010028,"eval/Q3/s10":0.5375,"train/actor_loss":-257.7808837890625,"_timestamp":1.7757727688012319e+09,"eval/Q3/mean_d":0.11326376684010028}