{"eval/Q3/s10":0.40625,"eval/Q3/mean_d":0.18813076118240132,"final_mean_d_Q1":0.7375635365024209,"eval/Q1/mean_d":0.7375635365024209,"final_s10_Q2":0,"final_mean_d_avg":0.5489386582630686,"final_mean_d_Q2":0.7211216771043837,"train/fb_loss":156.07733154296875,"train/stage":3,"train/actor_loss":-302.1627502441406,"eval/Q2/s10":0,"eval/Q2/mean_d":0.7211216771043837,"_step":180000,"_wandb":{"runtime":4516},"_timestamp":1.775799942506783e+09,"final_s10_Q3":0.40625,"final_s10_Q1":0,"final_s10_avg":0.13541666666666666,"train/distill_pi":0,"_runtime":4516.752034581,"eval/Q1/s10":0,"train/distill_fb":1.170923113822937,"final_mean_d_Q3":0.18813076118240132}