{"_step":180000,"final_s10_Q2":0.00625,"final_mean_d_Q2":0.6607041797600687,"final_mean_d_Q3":0.22772337409551255,"train/distill_pi":0,"_runtime":4423.606458783,"eval/Q2/mean_d":0.6607041797600687,"final_mean_d_avg":0.5353332674344226,"final_s10_Q3":0.2625,"final_s10_avg":0.08958333333333333,"eval/Q1/mean_d":0.7175722484476864,"train/fb_loss":129.84390258789062,"_timestamp":1.77582233007254e+09,"eval/Q2/s10":0.00625,"_wandb":{"runtime":4423},"train/stage":3,"eval/Q3/mean_d":0.22772337409551255,"train/distill_fb":71.33119201660156,"eval/Q1/s10":0,"final_s10_Q1":0,"train/actor_loss":-267.2772216796875,"final_mean_d_Q1":0.7175722484476864,"eval/Q3/s10":0.2625}