{"final_s10_Q1":0,"eval/Q2/s10":0,"final_mean_d_Q3":0.8695391522720456,"train/stage":3,"eval/Q2/mean_d":0.8647064501419663,"eval/Q3/mean_d":0.8695391522720456,"final_mean_d_Q2":0.8647064501419663,"_timestamp":1.7757773886625354e+09,"eval/Q1/s10":0,"train/distill_pi":0,"eval/Q3/s10":0,"final_mean_d_Q1":0.7899497598409653,"final_s10_avg":0,"eval/Q1/mean_d":0.7899497598409653,"train/distill_fb":54427.91796875,"_step":180000,"_wandb":{"runtime":4614},"final_s10_Q3":0,"final_mean_d_avg":0.8413984540849925,"train/fb_loss":102.24542236328125,"train/actor_loss":-291.607666015625,"_runtime":4614.152083863,"final_s10_Q2":0}