{"final_mean_d_Q2":0.6402493735775352,"_runtime":4423.132151642,"eval/Q3/s10":0.24375,"train/distill_fb":99.33132934570312,"_step":180000,"_timestamp":1.775822329557709e+09,"eval/Q2/mean_d":0.6402493735775352,"train/fb_loss":296.337158203125,"train/distill_pi":0,"final_s10_Q2":0,"final_s10_avg":0.08125,"train/stage":3,"train/actor_loss":-154.52041625976562,"final_mean_d_Q3":0.3403781997039914,"eval/Q1/s10":0,"final_mean_d_Q1":0.8622909444384277,"eval/Q3/mean_d":0.3403781997039914,"eval/Q1/mean_d":0.8622909444384277,"final_mean_d_avg":0.6143061725733181,"_wandb":{"runtime":4423},"final_s10_Q3":0.24375,"eval/Q2/s10":0,"final_s10_Q1":0}