{"eval/Q1/mean_d":0.6852698818780482,"final_s10_Q2":0,"final_s10_Q3":0.35,"eval/Q2/s10":0,"final_mean_d_Q2":0.5921196080744267,"train/actor_loss":-329.28729248046875,"final_s10_avg":0.11666666666666665,"final_s10_Q1":0,"eval/Q3/mean_d":0.18574873071047476,"eval/Q3/s10":0.35,"final_mean_d_Q3":0.18574873071047476,"_timestamp":1.775790964063046e+09,"train/stage":3,"_step":180000,"final_mean_d_Q1":0.6852698818780482,"train/distill_pi":0,"_wandb":{"runtime":4478},"train/fb_loss":143.7580108642578,"final_mean_d_avg":0.48771274022098327,"eval/Q2/mean_d":0.5921196080744267,"_runtime":4478.860195932,"eval/Q1/s10":0,"train/distill_fb":1.1514543294906616}