{"final_s10_Q1":0,"_step":180000,"train/stage":3,"final_s10_avg":0.10625,"train/distill_pi":0,"eval/Q3/mean_d":0.2403309052460827,"eval/Q2/mean_d":0.6267786390613764,"final_mean_d_Q3":0.2403309052460827,"train/actor_loss":-288.27587890625,"train/distill_fb":0.26990407705307007,"final_mean_d_Q2":0.6267786390613764,"eval/Q2/s10":0,"eval/Q1/s10":0,"_runtime":4409.840962204,"_timestamp":1.775817890670954e+09,"final_mean_d_avg":0.5429458512342534,"final_mean_d_Q1":0.7617280093953014,"final_s10_Q2":0,"_wandb":{"runtime":4409},"final_s10_Q3":0.31875,"train/fb_loss":146.0063934326172,"eval/Q1/mean_d":0.7617280093953014,"eval/Q3/s10":0.31875}