{"_step":180000,"train/fb_loss":396.51654052734375,"_runtime":4557.66062729,"eval/Q3/s10":0.03125,"final_s10_avg":0.010416666666666666,"train/distill_pi":0,"final_mean_d_Q1":0.7879237693734467,"train/actor_loss":-330.14697265625,"train/stage":3,"final_s10_Q2":0,"final_s10_Q1":0,"final_mean_d_avg":0.5792815229079376,"final_mean_d_Q2":0.696848396025598,"eval/Q2/s10":0,"final_s10_Q3":0.03125,"eval/Q2/mean_d":0.696848396025598,"train/distill_fb":113.22972106933594,"eval/Q1/s10":0,"final_mean_d_Q3":0.25307240332476794,"_timestamp":1.7758090784302006e+09,"eval/Q3/mean_d":0.25307240332476794,"eval/Q1/mean_d":0.7879237693734467,"_wandb":{"runtime":4557}}