{"_step":180000,"eval/Q1/mean_d":0.7633615665137767,"final_s10_Q2":0,"final_mean_d_Q1":0.7633615665137767,"_timestamp":1.775763838928326e+09,"eval/Q1/s10":0,"eval/Q2/s10":0,"_runtime":4294.099267422,"final_mean_d_avg":0.5180667819882122,"final_s10_Q3":0.29375,"eval/Q2/mean_d":0.6316475284285843,"final_mean_d_Q3":0.15919125102227555,"eval/Q3/mean_d":0.15919125102227555,"train/actor_loss":-349.3310852050781,"final_mean_d_Q2":0.6316475284285843,"final_s10_avg":0.09791666666666667,"train/fb_loss":80.290283203125,"train/distill_fb":0.17525158822536469,"train/stage":3,"eval/Q3/s10":0.29375,"train/distill_pi":0,"final_s10_Q1":0,"_wandb":{"runtime":4294}}