{"final_s10_Q3":0.05,"final_mean_d_Q3":0.5874687201387132,"eval/Q3/mean_d":0.5874687201387132,"_wandb":{"runtime":4425},"_step":180000,"final_mean_d_Q2":0.7196690568700432,"eval/Q2/mean_d":0.7196690568700432,"eval/Q2/s10":0,"final_mean_d_avg":0.6722557356285203,"train/fb_loss":53.12352752685547,"final_s10_avg":0.016666666666666666,"train/actor_loss":-165.5303955078125,"train/stage":3,"final_s10_Q2":0,"train/distill_pi":0,"eval/Q1/mean_d":0.7096294298768043,"_timestamp":1.7758223270181737e+09,"final_mean_d_Q1":0.7096294298768043,"eval/Q1/s10":0,"eval/Q3/s10":0.05,"train/distill_fb":2.0534673408e+11,"final_s10_Q1":0,"_runtime":4425.97038032}