{"final_s10_Q1":0,"_step":180000,"eval/Q3/s10":0.2625,"final_mean_d_avg":0.5806388400572663,"train/actor_loss":-271.498046875,"eval/Q2/s10":0,"final_s10_avg":0.08750000000000001,"final_s10_Q2":0,"train/distill_fb":1.2987534999847412,"final_mean_d_Q2":0.681732882745564,"eval/Q3/mean_d":0.21610718986485153,"eval/Q1/s10":0,"eval/Q2/mean_d":0.681732882745564,"train/distill_pi":0,"final_mean_d_Q3":0.21610718986485153,"final_mean_d_Q1":0.8440764475613832,"train/fb_loss":5.774848937988281,"eval/Q1/mean_d":0.8440764475613832,"_wandb":{"runtime":4635},"_runtime":4635.362041262,"train/stage":3,"final_s10_Q3":0.2625,"_timestamp":1.775777405268453e+09}