{"eval/Q3/s10":0.36875,"eval/Q2/s10":0,"final_mean_d_Q1":0.7171311385929584,"final_s10_avg":0.12291666666666667,"_runtime":4589.316213645,"train/distill_fb":81.51913452148438,"eval/Q1/s10":0,"train/actor_loss":-346.892822265625,"final_s10_Q2":0,"eval/Q2/mean_d":0.6800770523957909,"final_s10_Q1":0,"final_mean_d_Q3":0.12544963403779547,"eval/Q1/mean_d":0.7171311385929584,"train/fb_loss":214.33065795898438,"_timestamp":1.775782014017463e+09,"eval/Q3/mean_d":0.12544963403779547,"final_mean_d_Q2":0.6800770523957909,"train/stage":3,"_wandb":{"runtime":4589},"final_mean_d_avg":0.5075526083421816,"train/distill_pi":0,"_step":180000,"final_s10_Q3":0.36875}