{"_wandb":{"runtime":4394},"_timestamp":1.775813475477376e+09,"final_mean_d_Q1":0.7897145743481815,"eval/Q1/mean_d":0.7897145743481815,"final_s10_Q2":0.00625,"train/stage":3,"final_s10_avg":0.12083333333333333,"final_s10_Q1":0,"_runtime":4394.397045001,"final_mean_d_Q3":0.2020207101071719,"final_mean_d_avg":0.5132767906121444,"final_s10_Q3":0.35625,"train/distill_fb":6.340775966644287,"eval/Q3/mean_d":0.2020207101071719,"_step":180000,"final_mean_d_Q2":0.5480950873810798,"eval/Q2/s10":0.00625,"train/actor_loss":-231.22048950195312,"eval/Q1/s10":0,"eval/Q3/s10":0.35625,"train/distill_pi":0,"eval/Q2/mean_d":0.5480950873810798,"train/fb_loss":51.95675277709961}