{"eval/Q2/mean_d":0.6834354398306459,"final_s10_Q1":0,"final_mean_d_Q1":0.6293250047136099,"final_s10_Q3":0.01875,"eval/Q2/s10":0.0125,"final_mean_d_avg":0.6564975149425057,"eval/Q3/s10":0.01875,"final_mean_d_Q3":0.6567321002832613,"eval/Q3/mean_d":0.6567321002832613,"final_s10_avg":0.010416666666666666,"eval/Q1/mean_d":0.6293250047136099,"eval/Q1/s10":0,"_step":15,"_timestamp":1.7757549011449122e+09,"_runtime":12.701024013,"final_mean_d_Q2":0.6834354398306459,"_wandb":{"runtime":12},"final_s10_Q2":0.0125}