{"eval/Q2/mean_d":0.6573436234146357,"eval/Q1/s10":0,"final_s10_Q1":0,"final_s10_Q2":0,"train/distill_fb":75.00389099121094,"final_s10_avg":0.12291666666666667,"train/stage":3,"final_mean_d_avg":0.5078148822164318,"_wandb":{"runtime":4447},"_step":180000,"final_mean_d_Q3":0.15629930520080962,"_runtime":4447.781396348,"final_s10_Q3":0.36875,"eval/Q3/mean_d":0.15629930520080962,"_timestamp":1.7757954184716759e+09,"eval/Q1/mean_d":0.7098017180338502,"train/fb_loss":59.17412567138672,"eval/Q3/s10":0.36875,"final_mean_d_Q2":0.6573436234146357,"eval/Q2/s10":0,"final_mean_d_Q1":0.7098017180338502,"train/actor_loss":-349.3758239746094,"train/distill_pi":0}