{"train/fb_loss":3350.354248046875,"eval/Q1/s10":0,"final_mean_d_Q2":0.5704529843758792,"train/stage":3,"final_mean_d_Q3":0.7897472691256553,"eval/Q3/mean_d":0.7897472691256553,"train/actor_loss":-88.81182861328125,"train/distill_fb":4.85189812224e+11,"final_mean_d_Q1":0.6238690385129303,"final_s10_Q2":0.0125,"_step":180000,"eval/Q2/mean_d":0.5704529843758792,"final_s10_Q1":0,"train/distill_pi":0,"_wandb":{"runtime":4550},"final_s10_Q3":0.0125,"eval/Q1/mean_d":0.6238690385129303,"eval/Q2/s10":0.0125,"_runtime":4550.065977901,"eval/Q3/s10":0.0125,"final_mean_d_avg":0.6613564306714883,"_timestamp":1.7758045107199159e+09,"final_s10_avg":0.008333333333333333}