{"final_s10_Q1":0,"final_mean_d_Q2":0.5631518239621073,"train/distill_pi":0,"eval/Q3/s10":0.625,"eval/Q3/mean_d":0.13214184212265537,"train/actor_loss":-375.46099853515625,"_timestamp":1.7757954179136786e+09,"final_mean_d_avg":0.4759316892169106,"_runtime":4447.466113012,"final_s10_avg":0.20833333333333334,"eval/Q1/mean_d":0.732501401565969,"train/stage":3,"final_s10_Q3":0.625,"train/fb_loss":17.879653930664062,"_wandb":{"runtime":4447},"final_s10_Q2":0,"final_mean_d_Q1":0.732501401565969,"final_mean_d_Q3":0.13214184212265537,"train/distill_fb":143.74034118652344,"eval/Q1/s10":0,"eval/Q2/mean_d":0.5631518239621073,"_step":180000,"eval/Q2/s10":0}