{"eval/Q1/mean_d":0.8531950946897269,"eval/Q3/mean_d":0.13400574031984433,"train/distill_pi":0,"eval/Q1/s10":0,"_timestamp":1.7757727610570095e+09,"eval/Q3/s10":0.3375,"eval/Q2/mean_d":0.5550371180754154,"final_s10_Q1":0,"final_s10_Q2":0.01875,"_runtime":4625.947739932,"_step":180000,"final_s10_Q3":0.3375,"final_s10_avg":0.11875000000000001,"train/stage":3,"eval/Q2/s10":0.01875,"train/distill_fb":2.202611207962036,"train/fb_loss":72.69781494140625,"final_mean_d_Q3":0.13400574031984433,"final_mean_d_Q1":0.8531950946897269,"train/actor_loss":-297.96807861328125,"final_mean_d_Q2":0.5550371180754154,"_wandb":{"runtime":4625},"final_mean_d_avg":0.5140793176949955}