{"_runtime":4427.298546279,"train/distill_fb":1.4699138048e+10,"_timestamp":1.7758223232577002e+09,"eval/Q2/mean_d":0.7415204830467701,"final_mean_d_Q3":0.6639441932551563,"eval/Q1/s10":0,"eval/Q2/s10":0,"final_s10_Q1":0,"eval/Q3/s10":0,"final_mean_d_Q1":0.7002011321485042,"final_mean_d_Q2":0.7415204830467701,"final_s10_Q3":0,"eval/Q1/mean_d":0.7002011321485042,"train/stage":3,"final_s10_avg":0,"train/actor_loss":-263.0526428222656,"train/fb_loss":117.5250473022461,"final_mean_d_avg":0.7018886028168102,"_wandb":{"runtime":4427},"final_s10_Q2":0,"_step":180000,"train/distill_pi":0,"eval/Q3/mean_d":0.6639441932551563}