{"_wandb":{"runtime":4423},"final_mean_d_avg":0.6038835710477239,"train/distill_pi":0,"eval/Q2/mean_d":0.7222743802703917,"final_s10_avg":0.125,"_runtime":4423.341424268,"eval/Q2/s10":0,"train/actor_loss":-143.99102783203125,"train/stage":3,"train/fb_loss":186.1246337890625,"final_mean_d_Q3":0.3090662473638076,"eval/Q1/s10":0,"train/distill_fb":84.95848846435547,"eval/Q1/mean_d":0.7803100855089724,"final_s10_Q3":0.375,"eval/Q3/mean_d":0.3090662473638076,"final_mean_d_Q1":0.7803100855089724,"final_mean_d_Q2":0.7222743802703917,"eval/Q3/s10":0.375,"_step":180000,"_timestamp":1.7758223295882516e+09,"final_s10_Q2":0,"final_s10_Q1":0}