{"eval/Q2/mean_d":0.6621582014486194,"final_mean_d_Q3":0.7070283791050315,"train/distill_fb":0.29100728034973145,"final_s10_avg":0,"train/stage":3,"final_s10_Q2":0,"_runtime":4635.817101416,"train/actor_loss":-14.186073303222656,"train/fb_loss":-12.553932189941406,"eval/Q1/mean_d":0.6388447105884552,"eval/Q1/s10":0,"final_mean_d_Q1":0.6388447105884552,"_step":180000,"train/distill_pi":0,"final_mean_d_Q2":0.6621582014486194,"final_mean_d_avg":0.6693437637140353,"_timestamp":1.7757774054039898e+09,"final_s10_Q3":0,"eval/Q2/s10":0,"eval/Q3/mean_d":0.7070283791050315,"eval/Q3/s10":0,"final_s10_Q1":0,"_wandb":{"runtime":4635}}