{"eval/Q3/s10":0.375,"eval/Q2/mean_d":0.6268850815482437,"final_mean_d_Q2":0.6268850815482437,"final_s10_avg":0.125,"final_mean_d_Q1":0.687786923814565,"eval/Q1/mean_d":0.687786923814565,"final_mean_d_avg":0.47897966577826684,"final_s10_Q3":0.375,"train/distill_fb":5.911525726318359,"_wandb":{"runtime":4293},"train/stage":3,"train/actor_loss":-273.8812561035156,"_step":180000,"train/distill_pi":0,"_runtime":4293.059144323,"eval/Q1/s10":0,"eval/Q2/s10":0,"final_mean_d_Q3":0.12226699197199195,"_timestamp":1.775759535680823e+09,"train/fb_loss":102.72074890136719,"final_s10_Q2":0,"final_s10_Q1":0,"eval/Q3/mean_d":0.12226699197199195}