{"eval/Q3/s10":0.2875,"final_s10_avg":0.09583333333333333,"eval/Q1/mean_d":0.7398693703114987,"train/distill_pi":0,"eval/Q2/mean_d":0.6236714126542211,"_runtime":4524.980633589,"train/stage":3,"_wandb":{"runtime":4524},"final_mean_d_avg":0.5528628400003072,"final_mean_d_Q2":0.6236714126542211,"train/fb_loss":509.8664855957031,"train/actor_loss":-485.80560302734375,"final_mean_d_Q3":0.2950477370352019,"final_s10_Q3":0.2875,"eval/Q2/s10":0,"_timestamp":1.775799950832044e+09,"eval/Q1/s10":0,"final_mean_d_Q1":0.7398693703114987,"train/distill_fb":4.81679105758667,"eval/Q3/mean_d":0.2950477370352019,"_step":180000,"final_s10_Q2":0,"final_s10_Q1":0}