{"eval/Q1/mean_d":0.4868861632887274,"train/fb_loss":250.304931640625,"eval/Q3/s10":0.025,"final_mean_d_Q3":0.4572007788810879,"_wandb":{"runtime":4409},"final_s10_Q1":0,"final_mean_d_Q2":0.7259138537570834,"final_s10_avg":0.008333333333333333,"eval/Q2/s10":0,"train/distill_fb":3.0028730368e+10,"eval/Q1/s10":0,"_runtime":4409.001997036,"train/actor_loss":-166.6162109375,"final_mean_d_Q1":0.4868861632887274,"_step":180000,"final_s10_Q3":0.025,"train/distill_pi":0,"final_mean_d_avg":0.5566669319756329,"final_s10_Q2":0,"train/stage":3,"eval/Q3/mean_d":0.4572007788810879,"_timestamp":1.7758178955216274e+09,"eval/Q2/mean_d":0.7259138537570834}