{"final_mean_d_Q1":0.7965913750231266,"eval/Q3/mean_d":0.6580159806180745,"final_mean_d_avg":0.6852006147460391,"final_s10_Q3":0.025,"eval/Q2/mean_d":0.6009944885969162,"final_s10_Q2":0,"final_s10_Q1":0,"_wandb":{"runtime":4447},"final_s10_avg":0.008333333333333333,"train/distill_pi":0,"eval/Q3/s10":0.025,"eval/Q1/s10":0,"train/actor_loss":-616.334228515625,"train/distill_fb":82952.390625,"_step":180000,"_timestamp":1.775795418540704e+09,"train/stage":3,"final_mean_d_Q3":0.6580159806180745,"eval/Q2/s10":0,"eval/Q1/mean_d":0.7965913750231266,"final_mean_d_Q2":0.6009944885969162,"_runtime":4447.944620713,"train/fb_loss":1394.8919677734375}