{"_timestamp":1.775845476680442e+09,"final_mean_d_Q1":0.4349419791367836,"eval/Q3/mean_d":0.2138770046061836,"eval/Q1/mean_d":0.4349419791367836,"eval/Q1/s10":0.075,"_wandb":{"runtime":4334},"final_s10_Q3":0.3625,"final_s10_Q2":0,"final_mean_d_avg":0.42029586502661304,"final_s10_avg":0.14583333333333334,"train/fb_loss":17.287307739257812,"final_s10_Q1":0.075,"eval/Q2/mean_d":0.612068611336872,"_runtime":4334.504555612,"train/distill_pi":0.15981397032737732,"eval/Q2/s10":0,"eval/Q3/s10":0.3625,"train/actor_loss":-253.5547637939453,"final_mean_d_Q3":0.2138770046061836,"final_mean_d_Q2":0.612068611336872,"train/distill_fb":0,"train/stage":3,"_step":180000}