{"final_s10_avg":0.15,"final_s10_Q2":0,"train/distill_fb":10.610212326049805,"final_mean_d_avg":0.4799324752384564,"eval/Q3/s10":0.45,"final_mean_d_Q1":0.7093414910137653,"eval/Q2/mean_d":0.5914507710374892,"final_mean_d_Q2":0.5914507710374892,"final_mean_d_Q3":0.13900516366411467,"eval/Q2/s10":0,"_wandb":{"runtime":4476},"train/actor_loss":-301.7391357421875,"_timestamp":1.775786476364339e+09,"final_s10_Q1":0,"train/fb_loss":240.2765350341797,"eval/Q1/s10":0,"eval/Q3/mean_d":0.13900516366411467,"_runtime":4476.490802173,"final_s10_Q3":0.45,"eval/Q1/mean_d":0.7093414910137653,"_step":180000,"train/distill_pi":0,"train/stage":3}