{"final_s10_avg":0.11458333333333333,"final_s10_Q3":0.34375,"train/distill_pi":0,"eval/Q3/mean_d":0.14090153015276882,"eval/Q3/s10":0.34375,"final_s10_Q1":0,"_wandb":{"runtime":4294},"_timestamp":1.7757638389871566e+09,"_step":180000,"final_s10_Q2":0,"_runtime":4294.074814501,"final_mean_d_avg":0.5333177233085734,"train/fb_loss":73.40264129638672,"final_mean_d_Q2":0.5878402134403586,"eval/Q1/mean_d":0.871211426332593,"train/actor_loss":-297.591552734375,"eval/Q2/s10":0,"eval/Q2/mean_d":0.5878402134403586,"final_mean_d_Q1":0.871211426332593,"train/stage":3,"final_mean_d_Q3":0.14090153015276882,"train/distill_fb":0.09990307688713074,"eval/Q1/s10":0}