{"train/distill_pi":0,"train/fb_loss":57.90096664428711,"eval/Q3/mean_d":0.21283224614453503,"train/distill_fb":0.22250878810882568,"final_s10_avg":0.15,"eval/Q2/s10":0.00625,"final_mean_d_Q2":0.5498647766653448,"train/stage":3,"eval/Q1/s10":0,"eval/Q2/mean_d":0.5498647766653448,"final_mean_d_Q3":0.21283224614453503,"_wandb":{"runtime":4410},"final_mean_d_Q1":0.861789034679532,"_step":180000,"final_s10_Q1":0,"final_s10_Q3":0.44375,"eval/Q3/s10":0.44375,"_timestamp":1.775817897066239e+09,"train/actor_loss":-303.0367431640625,"_runtime":4410.513571241,"final_s10_Q2":0.00625,"eval/Q1/mean_d":0.861789034679532,"final_mean_d_avg":0.5414953524964706}