{"eval/Q1/mean_d":0.8090062103234231,"_step":180000,"_wandb":{"runtime":4423},"eval/Q2/s10":0,"final_mean_d_Q3":0.19293161800596864,"train/distill_pi":0,"final_mean_d_Q2":0.5928918291814625,"final_s10_Q2":0,"train/distill_fb":72.75309753417969,"train/stage":3,"_timestamp":1.7758223299774477e+09,"eval/Q3/mean_d":0.19293161800596864,"train/fb_loss":137.63990783691406,"final_s10_Q1":0,"final_mean_d_Q1":0.8090062103234231,"final_s10_avg":0.08958333333333333,"final_mean_d_avg":0.5316098858369515,"_runtime":4423.47674245,"eval/Q3/s10":0.26875,"final_s10_Q3":0.26875,"train/actor_loss":-289.99871826171875,"eval/Q1/s10":0,"eval/Q2/mean_d":0.5928918291814625}