{"train/distill_fb":117.140625,"train/stage":3,"final_s10_Q3":0.075,"eval/Q3/mean_d":0.35610154483001677,"final_s10_Q2":0.025,"eval/Q1/mean_d":0.6802221603691578,"train/distill_pi":0,"eval/Q1/s10":0,"final_s10_Q1":0,"eval/Q3/s10":0.075,"train/actor_loss":-300.51812744140625,"final_mean_d_avg":0.5598367826314643,"eval/Q2/s10":0.025,"train/fb_loss":226.83236694335938,"_step":180000,"_timestamp":1.7758090784874682e+09,"final_mean_d_Q1":0.6802221603691578,"final_s10_avg":0.03333333333333333,"final_mean_d_Q3":0.35610154483001677,"_runtime":4557.739178709,"final_mean_d_Q2":0.6431866426952183,"eval/Q2/mean_d":0.6431866426952183,"_wandb":{"runtime":4557}}