{"final_s10_Q2":0,"final_s10_Q1":0,"final_mean_d_Q3":0.13398756008391502,"train/actor_loss":-257.10986328125,"_step":180000,"final_s10_avg":0.18958333333333333,"eval/Q2/s10":0,"final_mean_d_avg":0.4922604609149858,"final_mean_d_Q1":0.7671431708149612,"_timestamp":1.7758134788594902e+09,"train/fb_loss":23.136138916015625,"eval/Q1/mean_d":0.7671431708149612,"train/distill_fb":0.1882959008216858,"train/distill_pi":0,"_wandb":{"runtime":4392},"final_s10_Q3":0.56875,"final_mean_d_Q2":0.575650651846081,"eval/Q2/mean_d":0.575650651846081,"train/stage":3,"eval/Q1/s10":0,"_runtime":4392.511124721,"eval/Q3/s10":0.56875,"eval/Q3/mean_d":0.13398756008391502}