{"final_mean_d_avg":0.6186397668701829,"final_s10_Q3":0.025,"train/distill_fb":219.0546875,"eval/Q2/s10":0.01875,"eval/Q3/s10":0.025,"eval/Q1/mean_d":0.8064937520772218,"_runtime":4561.657985245,"train/actor_loss":-361.4927062988281,"train/fb_loss":182.03460693359375,"final_mean_d_Q3":0.38472047362884043,"eval/Q3/mean_d":0.38472047362884043,"final_mean_d_Q2":0.6647050749044865,"final_s10_Q1":0,"final_s10_Q2":0.01875,"final_s10_avg":0.014583333333333332,"eval/Q1/s10":0,"train/stage":3,"_wandb":{"runtime":4561},"_step":180000,"train/distill_pi":0,"_timestamp":1.7758090775501816e+09,"final_mean_d_Q1":0.8064937520772218,"eval/Q2/mean_d":0.6647050749044865}