{"train/fb_loss":44.98067855834961,"final_mean_d_Q3":0.1368501666933298,"train/stage":3,"final_s10_Q2":0,"eval/Q3/mean_d":0.1368501666933298,"final_mean_d_Q2":0.6073638292960822,"_step":180000,"eval/Q1/mean_d":0.7198426669463516,"final_mean_d_avg":0.4880188876452545,"final_mean_d_Q1":0.7198426669463516,"eval/Q1/s10":0,"_wandb":{"runtime":4477},"eval/Q3/s10":0.5875,"final_s10_Q3":0.5875,"_runtime":4477.734616367,"final_s10_Q1":0,"train/distill_pi":0,"train/distill_fb":1.2130995988845825,"_timestamp":1.775790957680747e+09,"eval/Q2/mean_d":0.6073638292960822,"final_s10_avg":0.19583333333333333,"eval/Q2/s10":0,"train/actor_loss":-257.2495422363281}