{"final_s10_avg":0.10416666666666667,"eval/Q2/mean_d":0.5989115740172565,"_timestamp":1.7757909640298553e+09,"train/fb_loss":119.49414825439453,"_step":180000,"train/distill_fb":1.1401009559631348,"train/actor_loss":-412.86248779296875,"eval/Q3/s10":0.3125,"final_mean_d_Q3":0.23777183975325897,"eval/Q1/s10":0,"final_s10_Q1":0,"final_s10_Q3":0.3125,"final_mean_d_Q1":0.7477767669595778,"final_s10_Q2":0,"final_mean_d_Q2":0.5989115740172565,"train/distill_pi":0,"eval/Q1/mean_d":0.7477767669595778,"eval/Q3/mean_d":0.23777183975325897,"_wandb":{"runtime":4478},"final_mean_d_avg":0.5281533935766977,"eval/Q2/s10":0,"train/stage":3,"_runtime":4478.872774558}