{"_step":180000,"eval/Q1/s10":0,"eval/Q3/mean_d":0.17916363161057233,"eval/Q3/s10":0.4625,"train/distill_fb":5.797785758972168,"final_mean_d_Q2":0.8496847908943892,"final_s10_Q3":0.4625,"final_mean_d_Q3":0.17916363161057233,"_timestamp":1.7757595346947353e+09,"final_s10_avg":0.15416666666666667,"_runtime":4294.94941295,"final_mean_d_avg":0.6053873603232205,"final_mean_d_Q1":0.7873136584647,"eval/Q1/mean_d":0.7873136584647,"_wandb":{"runtime":4294},"final_s10_Q1":0,"train/actor_loss":-300.8780822753906,"train/stage":3,"eval/Q2/mean_d":0.8496847908943892,"train/fb_loss":123.18695068359375,"final_s10_Q2":0,"eval/Q2/s10":0,"train/distill_pi":0}