{"train/fb_loss":60.135276794433594,"eval/Q3/mean_d":0.22279642132343724,"eval/Q2/mean_d":0.6850114738568663,"_timestamp":1.7757999507604375e+09,"final_s10_avg":0.09375,"_wandb":{"runtime":4524},"final_mean_d_Q1":0.7917877245694399,"final_mean_d_Q3":0.22279642132343724,"final_s10_Q3":0.28125,"train/stage":3,"train/distill_pi":0,"eval/Q1/mean_d":0.7917877245694399,"final_s10_Q2":0,"final_mean_d_avg":0.5665318732499145,"eval/Q2/s10":0,"eval/Q1/s10":0,"eval/Q3/s10":0.28125,"train/distill_fb":4.942389488220215,"final_mean_d_Q2":0.6850114738568663,"train/actor_loss":-299.231689453125,"final_s10_Q1":0,"_step":180000,"_runtime":4524.944616163}