{"eval/Q2/mean_d":0.7393326632678509,"final_s10_avg":0,"train/distill_fb":3.82047617024e+11,"final_mean_d_avg":0.7253569432844719,"_wandb":{"runtime":4406},"final_mean_d_Q2":0.7393326632678509,"eval/Q3/mean_d":0.640146791562438,"eval/Q1/mean_d":0.7965913750231266,"_step":180000,"_timestamp":1.775817897304127e+09,"eval/Q3/s10":0,"final_mean_d_Q3":0.640146791562438,"final_s10_Q3":0,"eval/Q1/s10":0,"train/distill_pi":0,"final_s10_Q2":0,"train/stage":3,"_runtime":4406.160354646,"train/fb_loss":59.67051696777344,"eval/Q2/s10":0,"final_mean_d_Q1":0.7965913750231266,"final_s10_Q1":0,"train/actor_loss":-177.15426635742188}