{"final_mean_d_Q3":0.276207505131606,"_step":180000,"train/fb_loss":352.9310302734375,"train/actor_loss":-354.0057373046875,"final_s10_Q2":0,"final_s10_Q1":0,"_wandb":{"runtime":4625},"eval/Q2/mean_d":0.6199337212368846,"_runtime":4625.571191713,"eval/Q1/s10":0,"train/stage":3,"eval/Q3/mean_d":0.276207505131606,"final_mean_d_Q1":0.7687557055614889,"final_s10_Q3":0.13125,"_timestamp":1.7757727608474615e+09,"eval/Q2/s10":0,"final_mean_d_avg":0.5549656439766598,"eval/Q3/s10":0.13125,"final_mean_d_Q2":0.6199337212368846,"final_s10_avg":0.043750000000000004,"eval/Q1/mean_d":0.7687557055614889,"train/distill_fb":18.357797622680664,"train/distill_pi":0}