{"_runtime":4476.645816324,"train/distill_pi":0,"eval/Q3/s10":0.45,"final_s10_avg":0.15,"eval/Q2/mean_d":0.5940115545876324,"train/distill_fb":10.083277702331543,"final_s10_Q3":0.45,"train/fb_loss":46.1572265625,"final_mean_d_Q2":0.5940115545876324,"train/stage":3,"train/actor_loss":-290.0238342285156,"final_s10_Q1":0,"eval/Q1/mean_d":0.7078633802942932,"_wandb":{"runtime":4476},"final_mean_d_Q1":0.7078633802942932,"eval/Q1/s10":0,"eval/Q3/mean_d":0.19164619965595192,"eval/Q2/s10":0,"_step":180000,"final_s10_Q2":0,"final_mean_d_avg":0.49784037817929255,"final_mean_d_Q3":0.19164619965595192,"_timestamp":1.7757864765473008e+09}