{"final_mean_d_Q2":0.7048797896131873,"final_s10_avg":0.14791666666666667,"train/distill_pi":0,"_runtime":4469.969065012,"final_mean_d_Q1":0.780223573371768,"eval/Q1/mean_d":0.780223573371768,"train/actor_loss":-276.447509765625,"final_s10_Q3":0.44375,"eval/Q2/s10":0,"eval/Q1/s10":0,"final_s10_Q2":0,"final_s10_Q1":0,"eval/Q3/s10":0.44375,"train/distill_fb":1.1275379657745361,"_step":180000,"eval/Q2/mean_d":0.7048797896131873,"_timestamp":1.775786479904362e+09,"_wandb":{"runtime":4469},"train/stage":3,"eval/Q3/mean_d":0.14393552661495052,"final_mean_d_Q3":0.14393552661495052,"final_mean_d_avg":0.5430129631999686,"train/fb_loss":53.93890380859375}