{"train/distill_fb":16.30175018310547,"final_mean_d_Q2":0.658081183489412,"final_s10_avg":0.14583333333333334,"_wandb":{"runtime":4625},"train/stage":3,"final_s10_Q3":0.4375,"_timestamp":1.7757727608719907e+09,"eval/Q3/s10":0.4375,"_step":180000,"eval/Q2/s10":0,"final_mean_d_Q1":0.6852698818780482,"final_s10_Q2":0,"final_s10_Q1":0,"train/fb_loss":41.23736572265625,"train/distill_pi":0,"eval/Q2/mean_d":0.658081183489412,"eval/Q1/s10":0,"final_mean_d_avg":0.48861510645753387,"_runtime":4625.672432499,"eval/Q1/mean_d":0.6852698818780482,"train/actor_loss":-316.572509765625,"final_mean_d_Q3":0.12249425400514155,"eval/Q3/mean_d":0.12249425400514155}