{"eval/Q2/s10":0,"_timestamp":1.7758045089257867e+09,"train/actor_loss":-117.07823181152344,"_runtime":4548.257061693,"train/distill_fb":8.922098302976e+12,"eval/Q2/mean_d":0.8462587540969253,"eval/Q1/s10":0,"_wandb":{"runtime":4548},"final_mean_d_Q1":0.7771920444443822,"eval/Q3/mean_d":0.7097260413691402,"final_s10_Q1":0,"final_mean_d_Q2":0.8462587540969253,"train/distill_pi":0,"eval/Q1/mean_d":0.7771920444443822,"final_s10_Q2":0,"train/stage":3,"final_mean_d_Q3":0.7097260413691402,"final_s10_avg":0,"train/fb_loss":115996.0859375,"_step":180000,"final_mean_d_avg":0.7777256133034826,"eval/Q3/s10":0,"final_s10_Q3":0}