{"final_mean_d_avg":0.5458297153003514,"final_s10_Q2":0,"train/stage":3,"eval/Q2/mean_d":0.7594844825565815,"eval/Q3/mean_d":0.16055755764245988,"_timestamp":1.7757954183782835e+09,"train/actor_loss":-341.9214172363281,"_step":180000,"final_s10_Q3":0.2625,"eval/Q3/s10":0.2625,"train/distill_fb":79.4134750366211,"train/distill_pi":0,"final_s10_Q1":0,"_wandb":{"runtime":4447},"_runtime":4447.727506579,"final_mean_d_Q3":0.16055755764245988,"train/fb_loss":117.5960693359375,"eval/Q1/mean_d":0.7174471057020128,"eval/Q1/s10":0,"final_s10_avg":0.08750000000000001,"final_mean_d_Q1":0.7174471057020128,"eval/Q2/s10":0,"final_mean_d_Q2":0.7594844825565815}