{"train/fb_loss":92.12895202636719,"eval/Q1/s10":0,"final_s10_Q2":0,"train/actor_loss":-323.793212890625,"train/distill_pi":0,"_step":180000,"train/distill_fb":2.105436325073242,"final_s10_Q3":0.38125,"final_mean_d_avg":0.5466785605725212,"_timestamp":1.7757681270051782e+09,"final_mean_d_Q1":0.759267856925726,"eval/Q1/mean_d":0.759267856925726,"_wandb":{"runtime":4282},"eval/Q2/mean_d":0.653906755335629,"eval/Q2/s10":0,"eval/Q3/mean_d":0.2268610694562085,"final_s10_Q1":0,"final_mean_d_Q3":0.2268610694562085,"_runtime":4282.023956372,"train/stage":3,"final_mean_d_Q2":0.653906755335629,"eval/Q3/s10":0.38125,"final_s10_avg":0.12708333333333333}