{"final_mean_d_Q1":0.7115503796376288,"eval/Q1/mean_d":0.7115503796376288,"train/actor_loss":-387.440185546875,"eval/Q3/s10":0.4,"eval/Q3/mean_d":0.13946610699495068,"final_s10_Q2":0,"final_s10_avg":0.13333333333333333,"final_mean_d_Q3":0.13946610699495068,"final_mean_d_Q2":0.5684503903612494,"train/distill_fb":177.98760986328125,"train/fb_loss":28.296112060546875,"final_s10_Q3":0.4,"final_s10_Q1":0,"train/distill_pi":0,"_runtime":4293.092206748,"_timestamp":1.7757638381913004e+09,"train/stage":3,"eval/Q1/s10":0,"eval/Q2/mean_d":0.5684503903612494,"eval/Q2/s10":0,"_step":180000,"_wandb":{"runtime":4293},"final_mean_d_avg":0.47315562566460967}