{"final_mean_d_Q1":0.7166245016269386,"_timestamp":1.7758178978785238e+09,"_wandb":{"runtime":4406},"final_s10_Q3":0.0375,"eval/Q2/s10":0,"train/distill_pi":0,"_runtime":4406.698455515,"train/stage":3,"final_s10_Q2":0,"final_mean_d_avg":0.6751056097913534,"_step":180000,"train/fb_loss":153.57666015625,"eval/Q1/mean_d":0.7166245016269386,"final_mean_d_Q2":0.721009930409491,"final_mean_d_Q3":0.5876823973376304,"final_s10_Q1":0,"eval/Q2/mean_d":0.721009930409491,"train/distill_fb":9.01117313024e+11,"final_s10_avg":0.012499999999999999,"eval/Q1/s10":0,"eval/Q3/mean_d":0.5876823973376304,"eval/Q3/s10":0.0375,"train/actor_loss":-220.84580993652344}