{"_wandb":{"runtime":4326},"eval/Q2/s10":0,"_runtime":4326.799889377,"final_mean_d_Q1":0.6490054219029844,"final_mean_d_Q3":0.12458128363941796,"_step":180000,"final_s10_Q1":0,"eval/Q3/s10":0.5125,"final_mean_d_avg":0.4761149452785806,"train/distill_pi":1.815958023071289,"_timestamp":1.775845483834228e+09,"eval/Q2/mean_d":0.6547581302933395,"train/actor_loss":-299.54510498046875,"train/distill_fb":0,"final_s10_Q2":0,"eval/Q1/s10":0,"eval/Q3/mean_d":0.12458128363941796,"final_s10_Q3":0.5125,"train/stage":3,"final_s10_avg":0.1708333333333333,"eval/Q1/mean_d":0.6490054219029844,"train/fb_loss":62.03446960449219,"final_mean_d_Q2":0.6547581302933395}