{"final_mean_d_Q3":0.2782385467318818,"eval/Q2/s10":0,"_timestamp":1.7758090770786307e+09,"eval/Q3/s10":0.075,"eval/Q3/mean_d":0.2782385467318818,"train/distill_fb":71321.4375,"final_s10_Q2":0,"final_s10_Q1":0,"train/fb_loss":131400.859375,"_wandb":{"runtime":4561},"final_s10_Q3":0.075,"_step":180000,"final_mean_d_Q1":0.7053937980905175,"_runtime":4561.179392978,"final_mean_d_Q2":0.6315202075056732,"final_mean_d_avg":0.5383841841093575,"train/distill_pi":0,"train/stage":3,"eval/Q1/s10":0,"eval/Q2/mean_d":0.6315202075056732,"train/actor_loss":-164.49618530273438,"final_s10_avg":0.024999999999999998,"eval/Q1/mean_d":0.7053937980905175}