{"eval/Q1/s10":0,"final_s10_Q1":0,"train/actor_loss":-285.3748474121094,"final_s10_Q2":0.025,"train/distill_fb":0,"train/distill_pi":0.16154435276985168,"final_s10_avg":0.11666666666666668,"_runtime":4317.899129323,"train/stage":3,"eval/Q3/mean_d":0.21254694995004683,"eval/Q3/s10":0.325,"_step":180000,"eval/Q2/s10":0.025,"final_mean_d_Q3":0.21254694995004683,"final_s10_Q3":0.325,"_wandb":{"runtime":4317},"eval/Q2/mean_d":0.37971672001294793,"final_mean_d_Q1":0.4208203539252281,"final_mean_d_Q2":0.37971672001294793,"_timestamp":1.7758498103449078e+09,"train/fb_loss":126.15985107421875,"eval/Q1/mean_d":0.4208203539252281,"final_mean_d_avg":0.3376946746294076}