{"final_mean_d_Q3":0.8272971183061599,"_timestamp":1.775777390124825e+09,"_runtime":4610.597451976,"train/distill_pi":0,"final_mean_d_avg":0.8032324455368022,"final_mean_d_Q2":0.7836407897062599,"eval/Q3/s10":0,"eval/Q2/mean_d":0.7836407897062599,"_wandb":{"runtime":4610},"final_mean_d_Q1":0.7987594285979867,"final_s10_Q2":0,"final_s10_Q3":0,"eval/Q2/s10":0,"train/stage":3,"train/distill_fb":66052.6328125,"final_s10_Q1":0,"train/actor_loss":-291.13116455078125,"_step":180000,"eval/Q1/mean_d":0.7987594285979867,"eval/Q1/s10":0,"eval/Q3/mean_d":0.8272971183061599,"train/fb_loss":127.48048400878906,"final_s10_avg":0}