{"final_mean_d_avg":0.49660759113612585,"final_mean_d_Q2":0.5749079430475831,"train/actor_loss":-314.9976501464844,"_wandb":{"runtime":4392},"train/stage":3,"final_s10_avg":0.08750000000000001,"final_mean_d_Q1":0.7108829143457115,"train/distill_pi":0,"eval/Q2/s10":0,"final_mean_d_Q3":0.20403191601508297,"eval/Q1/mean_d":0.7108829143457115,"train/distill_fb":0.24811863899230957,"eval/Q1/s10":0,"final_s10_Q1":0,"train/fb_loss":214.31138610839844,"final_s10_Q3":0.2625,"_step":180000,"eval/Q2/mean_d":0.5749079430475831,"_timestamp":1.775813478667606e+09,"final_s10_Q2":0,"eval/Q3/s10":0.2625,"eval/Q3/mean_d":0.20403191601508297,"_runtime":4392.458831645}