{"eval/Q3/mean_d":0.21903767889598386,"eval/Q3/s10":0.4625,"eval/Q1/mean_d":0.7734620610252023,"final_s10_Q2":0,"final_mean_d_avg":0.5262874643512381,"train/stage":3,"final_mean_d_Q2":0.5863626531325281,"train/distill_pi":0,"train/actor_loss":-291.8987121582031,"final_s10_Q3":0.4625,"eval/Q2/mean_d":0.5863626531325281,"final_s10_Q1":0,"train/fb_loss":95.63321685791016,"_runtime":4281.703442677,"final_mean_d_Q1":0.7734620610252023,"final_mean_d_Q3":0.21903767889598386,"_timestamp":1.7757681267530804e+09,"eval/Q1/s10":0,"eval/Q2/s10":0,"_wandb":{"runtime":4281},"_step":180000,"train/distill_fb":1.799719214439392,"final_s10_avg":0.15416666666666667}