{"train/distill_pi":4.746805191040039,"final_mean_d_Q3":0.1469593456480652,"eval/Q3/mean_d":0.1469593456480652,"final_s10_Q2":0.05,"_runtime":4331.05864229,"final_s10_avg":0.21875,"train/distill_fb":0,"eval/Q3/s10":0.53125,"train/stage":3,"train/fb_loss":83.87763214111328,"eval/Q2/s10":0.05,"eval/Q1/mean_d":0.3746161506511271,"_step":180000,"eval/Q2/mean_d":0.3929874888621271,"_timestamp":1.7758266676246202e+09,"final_mean_d_Q2":0.3929874888621271,"final_mean_d_Q1":0.3746161506511271,"final_mean_d_avg":0.30485432838710647,"final_s10_Q3":0.53125,"eval/Q1/s10":0.075,"final_s10_Q1":0.075,"_wandb":{"runtime":4331},"train/actor_loss":-253.2754364013672}