{"final_s10_Q3":0.30625,"eval/Q1/s10":0,"_step":180000,"final_mean_d_Q2":0.572231725230813,"_wandb":{"runtime":4586},"_timestamp":1.7757820009862742e+09,"eval/Q3/s10":0.30625,"train/actor_loss":-333.7424011230469,"final_s10_Q1":0,"train/distill_pi":0,"train/stage":3,"train/fb_loss":73.57244110107422,"final_s10_Q2":0,"final_s10_avg":0.10208333333333335,"eval/Q2/s10":0,"final_mean_d_Q1":0.6315073701553047,"final_mean_d_Q3":0.15538897287333384,"eval/Q1/mean_d":0.6315073701553047,"eval/Q2/mean_d":0.572231725230813,"eval/Q3/mean_d":0.15538897287333384,"final_mean_d_avg":0.4530426894198172,"_runtime":4586.318404265,"train/distill_fb":72.39097595214844}