{"eval/Q1/s10":0,"train/actor_loss":-263.39068603515625,"train/distill_pi":0,"_timestamp":1.7757681267678905e+09,"final_mean_d_avg":0.48001138116281555,"final_s10_Q2":0,"_runtime":4281.912500428,"final_s10_avg":0.09791666666666667,"train/distill_fb":1.7155407667160034,"final_mean_d_Q3":0.14341908865753794,"_wandb":{"runtime":4281},"_step":180000,"final_s10_Q1":0,"eval/Q2/s10":0,"eval/Q2/mean_d":0.6113452107645572,"eval/Q3/s10":0.29375,"final_s10_Q3":0.29375,"final_mean_d_Q1":0.6852698440663516,"eval/Q1/mean_d":0.6852698440663516,"final_mean_d_Q2":0.6113452107645572,"train/stage":3,"train/fb_loss":12.181251525878906,"eval/Q3/mean_d":0.14341908865753794}