{"final_s10_Q2":0,"_timestamp":1.7757999422642791e+09,"train/fb_loss":159.84356689453125,"eval/Q1/s10":0,"eval/Q3/s10":0.35625,"final_mean_d_Q2":0.6688581015914679,"eval/Q2/s10":0,"eval/Q1/mean_d":0.7167799473740161,"final_mean_d_Q1":0.7167799473740161,"_runtime":4516.490537303,"_wandb":{"runtime":4516},"eval/Q2/mean_d":0.6688581015914679,"_step":180000,"train/distill_fb":7.886013031005859,"final_mean_d_avg":0.5237098096404225,"train/actor_loss":-327.0359802246094,"final_mean_d_Q3":0.1854913799557835,"final_s10_Q3":0.35625,"eval/Q3/mean_d":0.1854913799557835,"train/distill_pi":0,"final_s10_Q1":0,"train/stage":3,"final_s10_avg":0.11875000000000001}