{"_step":180000,"eval/Q2/s10":0,"final_s10_Q1":0,"_timestamp":1.7758498073931358e+09,"eval/Q2/mean_d":0.6352091369684786,"train/distill_fb":0,"final_s10_avg":0.15208333333333332,"_runtime":4320.384875682,"train/stage":3,"train/actor_loss":-273.10589599609375,"final_s10_Q3":0.45625,"eval/Q1/mean_d":0.7671929640695453,"eval/Q3/s10":0.45625,"final_mean_d_Q3":0.16615262265549974,"_wandb":{"runtime":4320},"final_mean_d_avg":0.5228515745645078,"eval/Q1/s10":0,"final_mean_d_Q1":0.7671929640695453,"eval/Q3/mean_d":0.16615262265549974,"train/distill_pi":1.4769269227981567,"final_s10_Q2":0,"train/fb_loss":75.49690246582031,"final_mean_d_Q2":0.6352091369684786}