{"_runtime":4478.996714781,"train/stage":3,"train/fb_loss":81.50528717041016,"train/actor_loss":-274.5242004394531,"final_s10_avg":0.18541666666666667,"final_mean_d_Q2":0.5876701635308563,"_step":180000,"final_mean_d_Q3":0.13881655385775957,"final_s10_Q3":0.55625,"final_s10_Q2":0,"eval/Q1/s10":0,"final_mean_d_avg":0.4778429530376645,"train/distill_fb":8.92834186553955,"final_mean_d_Q1":0.7070421417243778,"eval/Q1/mean_d":0.7070421417243778,"eval/Q3/mean_d":0.13881655385775957,"eval/Q2/mean_d":0.5876701635308563,"eval/Q3/s10":0.55625,"eval/Q2/s10":0,"_wandb":{"runtime":4478},"final_s10_Q1":0,"_timestamp":1.775786483860164e+09,"train/distill_pi":0}