{"train/stage":3,"_runtime":4293.716495368,"eval/Q1/mean_d":0.7639806576073169,"final_mean_d_avg":0.5511515746552808,"eval/Q1/s10":0,"final_s10_avg":0.08958333333333333,"train/actor_loss":-356.80755615234375,"eval/Q3/s10":0.26875,"final_mean_d_Q3":0.27278251090319827,"final_mean_d_Q1":0.7639806576073169,"final_mean_d_Q2":0.6166915554553271,"eval/Q2/s10":0,"_wandb":{"runtime":4293},"_timestamp":1.7757638386672509e+09,"final_s10_Q3":0.26875,"eval/Q3/mean_d":0.27278251090319827,"eval/Q2/mean_d":0.6166915554553271,"final_s10_Q2":0,"train/distill_fb":3.386868476867676,"final_s10_Q1":0,"train/distill_pi":0,"train/fb_loss":169.98501586914062,"_step":180000}