{"final_s10_avg":0.20833333333333334,"eval/Q3/mean_d":0.12543358836555854,"eval/Q2/s10":0.075,"final_mean_d_Q1":0.557448732946068,"train/distill_fb":0,"_runtime":4324.527073616,"train/actor_loss":-251.64166259765625,"final_mean_d_Q2":0.39039540612138807,"train/distill_pi":0.29195505380630493,"final_mean_d_Q3":0.12543358836555854,"final_s10_Q2":0.075,"final_mean_d_avg":0.3577592424776716,"eval/Q3/s10":0.525,"final_s10_Q1":0.025,"_timestamp":1.7758454863977754e+09,"train/stage":3,"eval/Q1/mean_d":0.557448732946068,"_step":180000,"train/fb_loss":49.19231414794922,"final_s10_Q3":0.525,"eval/Q1/s10":0.025,"eval/Q2/mean_d":0.39039540612138807,"_wandb":{"runtime":4324}}