{"final_s10_Q2":0,"eval/Q2/mean_d":0.5568293953314424,"_timestamp":1.7758223296892824e+09,"train/distill_fb":109.9461669921875,"train/distill_pi":0,"train/actor_loss":-180.66455078125,"final_mean_d_Q1":0.8034793460741639,"_runtime":4423.203341649,"train/fb_loss":271.255126953125,"eval/Q1/s10":0,"final_mean_d_avg":0.5331665015177957,"train/stage":3,"final_mean_d_Q2":0.5568293953314424,"final_s10_avg":0.06458333333333334,"final_s10_Q3":0.19375,"eval/Q3/mean_d":0.23919076314778068,"_wandb":{"runtime":4423},"final_mean_d_Q3":0.23919076314778068,"eval/Q2/s10":0,"eval/Q3/s10":0.19375,"_step":180000,"eval/Q1/mean_d":0.8034793460741639,"final_s10_Q1":0}