{"train/distill_fb":10.598054885864258,"final_mean_d_avg":0.49317265182035036,"train/actor_loss":-287.112060546875,"final_mean_d_Q3":0.2059908779687248,"eval/Q1/mean_d":0.6499804477207363,"eval/Q3/mean_d":0.2059908779687248,"eval/Q2/s10":0,"final_mean_d_Q2":0.6235466297715903,"final_s10_avg":0.1125,"final_s10_Q3":0.3375,"train/stage":3,"_wandb":{"runtime":4478},"train/fb_loss":30.279457092285156,"final_s10_Q2":0,"final_mean_d_Q1":0.6499804477207363,"_runtime":4478.072618686,"train/distill_pi":0,"eval/Q1/s10":0,"eval/Q3/s10":0.3375,"_timestamp":1.7757864829532936e+09,"_step":180000,"final_s10_Q1":0,"eval/Q2/mean_d":0.6235466297715903}