{"eval/Q1/s10":0,"final_s10_avg":0,"_runtime":4555.13026592,"final_s10_Q3":0,"eval/Q3/s10":0,"eval/Q3/mean_d":0.6136646754108369,"final_s10_Q2":0,"train/fb_loss":344081.90625,"train/actor_loss":-107.37549591064453,"_wandb":{"runtime":4555},"final_mean_d_Q1":0.7676369822584093,"train/distill_pi":0,"eval/Q2/s10":0,"train/stage":3,"train/distill_fb":1.2387914612736e+13,"_timestamp":1.775804505725951e+09,"eval/Q2/mean_d":0.7704323654994368,"final_mean_d_avg":0.7172446743895611,"final_mean_d_Q3":0.6136646754108369,"_step":180000,"final_mean_d_Q2":0.7704323654994368,"final_s10_Q1":0,"eval/Q1/mean_d":0.7676369822584093}