{"_step":180000,"train/distill_pi":1.9304559230804443,"train/stage":3,"final_mean_d_Q3":0.11391980477492325,"train/fb_loss":13.372390747070312,"train/actor_loss":-284.8785705566406,"final_mean_d_avg":0.4909483261619849,"eval/Q3/mean_d":0.11391980477492325,"final_mean_d_Q1":0.7167799401096999,"_timestamp":1.7758454819514966e+09,"eval/Q1/s10":0,"eval/Q2/mean_d":0.6421452336013317,"eval/Q1/mean_d":0.7167799401096999,"final_s10_Q2":0,"final_mean_d_Q2":0.6421452336013317,"final_s10_Q3":0.48125,"final_s10_avg":0.16041666666666668,"_runtime":4329.690163594,"eval/Q3/s10":0.48125,"_wandb":{"runtime":4329},"train/distill_fb":0,"eval/Q2/s10":0,"final_s10_Q1":0}