{"_timestamp":1.7757681269675224e+09,"train/stage":3,"final_s10_Q1":0,"eval/Q3/mean_d":0.11495752594200895,"_wandb":{"runtime":4282},"final_s10_Q2":0,"eval/Q1/s10":0,"final_s10_Q3":0.475,"train/fb_loss":97.94225311279297,"train/distill_fb":0.30357012152671814,"eval/Q2/mean_d":0.5983684277161956,"final_mean_d_Q2":0.5983684277161956,"eval/Q2/s10":0,"_step":180000,"train/actor_loss":-324.674560546875,"final_mean_d_Q3":0.11495752594200895,"eval/Q3/s10":0.475,"final_s10_avg":0.15833333333333333,"_runtime":4282.095563778,"eval/Q1/mean_d":0.8280475923791528,"final_mean_d_avg":0.5137911820124524,"final_mean_d_Q1":0.8280475923791528,"train/distill_pi":0}