{"final_mean_d_Q2":0.7101302503608167,"final_mean_d_Q3":0.7183444235473871,"_runtime":4603.215419262,"final_s10_Q1":0,"train/distill_pi":0,"final_s10_avg":0,"final_mean_d_Q1":0.7521686412394046,"eval/Q1/s10":0,"final_s10_Q3":0,"eval/Q3/mean_d":0.7183444235473871,"_timestamp":1.7757819980206451e+09,"final_mean_d_avg":0.7268811050492028,"_wandb":{"runtime":4603},"final_s10_Q2":0,"eval/Q2/mean_d":0.7101302503608167,"train/stage":3,"eval/Q1/mean_d":0.7521686412394046,"train/fb_loss":132.6480255126953,"train/actor_loss":-292.43896484375,"train/distill_fb":49706.21875,"_step":180000,"eval/Q2/s10":0,"eval/Q3/s10":0}