{"eval/Q3/mean_d":0.12157409427454695,"_step":180000,"final_mean_d_Q1":0.8354048604145646,"final_s10_avg":0.13541666666666666,"eval/Q2/mean_d":0.5662076466716826,"final_s10_Q3":0.40625,"eval/Q1/mean_d":0.8354048604145646,"_timestamp":1.7757954180267367e+09,"train/distill_pi":0,"final_mean_d_Q2":0.5662076466716826,"_wandb":{"runtime":4447},"train/distill_fb":104.91065979003906,"_runtime":4447.414166917,"eval/Q1/s10":0,"train/actor_loss":-354.52313232421875,"eval/Q2/s10":0,"train/stage":3,"final_s10_Q1":0,"final_s10_Q2":0,"final_mean_d_Q3":0.12157409427454695,"train/fb_loss":4.513702392578125,"final_mean_d_avg":0.5077288671202648,"eval/Q3/s10":0.40625}