{"train/distill_fb":105848.8046875,"_step":180000,"final_mean_d_Q2":0.7486492915078997,"final_s10_Q2":0,"_wandb":{"runtime":4472},"final_mean_d_Q3":0.8406166952103377,"final_mean_d_avg":0.7171007078140974,"train/actor_loss":-306.41754150390625,"eval/Q1/mean_d":0.5620361367240548,"_timestamp":1.7757909631763794e+09,"final_s10_Q1":0,"final_s10_Q3":0,"_runtime":4472.928913455,"eval/Q2/mean_d":0.7486492915078997,"eval/Q1/s10":0,"train/distill_pi":0,"eval/Q3/mean_d":0.8406166952103377,"train/stage":3,"eval/Q2/s10":0,"final_mean_d_Q1":0.5620361367240548,"final_s10_avg":0,"eval/Q3/s10":0,"train/fb_loss":195.76776123046875}