{"_timestamp":1.7758266665970516e+09,"eval/Q1/mean_d":0.6892249985598028,"eval/Q2/mean_d":0.5710222011897713,"final_mean_d_Q2":0.5710222011897713,"_wandb":{"runtime":4330},"eval/Q2/s10":0,"eval/Q3/s10":0.58125,"final_mean_d_Q1":0.6892249985598028,"final_s10_Q3":0.58125,"train/stage":3,"train/actor_loss":-276.8715515136719,"_runtime":4330.133675168,"final_s10_avg":0.19375,"train/distill_fb":0,"train/fb_loss":50.27894592285156,"_step":180000,"final_s10_Q2":0,"eval/Q1/s10":0,"eval/Q3/mean_d":0.17792753049870952,"final_mean_d_Q3":0.17792753049870952,"train/distill_pi":0.8729528784751892,"final_mean_d_avg":0.4793915767494279,"final_s10_Q1":0}