{"train/stage":3,"eval/Q3/mean_d":0.16398986064014026,"train/actor_loss":-280.84576416015625,"eval/Q1/s10":0.0125,"final_s10_avg":0.15833333333333335,"_wandb":{"runtime":4410},"final_mean_d_Q3":0.16398986064014026,"final_s10_Q3":0.4625,"eval/Q2/s10":0,"train/fb_loss":119.42034149169922,"final_s10_Q2":0,"train/distill_fb":0.2529541254043579,"_timestamp":1.7758178974432244e+09,"eval/Q1/mean_d":0.6209041106048971,"eval/Q2/mean_d":0.584850003477186,"_step":180000,"eval/Q3/s10":0.4625,"_runtime":4410.992276394,"final_s10_Q1":0.0125,"final_mean_d_Q1":0.6209041106048971,"final_mean_d_Q2":0.584850003477186,"final_mean_d_avg":0.45658132490740777,"train/distill_pi":0}