{"train/distill_pi":0,"_runtime":4410.630858118,"_timestamp":1.77581789725442e+09,"final_mean_d_Q3":0.31327055048896,"final_mean_d_avg":0.540380591833188,"final_mean_d_Q2":0.6023224621079862,"eval/Q2/s10":0,"eval/Q2/mean_d":0.6023224621079862,"train/actor_loss":-310.9786376953125,"final_s10_avg":0.08541666666666665,"final_s10_Q1":0,"_wandb":{"runtime":4410},"train/fb_loss":177.40988159179688,"final_s10_Q3":0.25625,"_step":180000,"eval/Q1/s10":0,"train/distill_fb":0.13180267810821533,"eval/Q3/s10":0.25625,"eval/Q3/mean_d":0.31327055048896,"final_mean_d_Q1":0.7055487629026175,"eval/Q1/mean_d":0.7055487629026175,"train/stage":3,"final_s10_Q2":0}