{"eval/Q2/mean_d":0.570279390970245,"final_mean_d_Q3":0.23359191062045284,"final_s10_Q3":0.38125,"eval/Q1/mean_d":0.8033305555582047,"train/fb_loss":-8.271202087402344,"eval/Q3/s10":0.38125,"_timestamp":1.7758134829466426e+09,"_step":180000,"_wandb":{"runtime":4396},"eval/Q3/mean_d":0.23359191062045284,"_runtime":4396.630930263,"train/actor_loss":-275.4725036621094,"eval/Q2/s10":0,"final_s10_Q2":0,"final_mean_d_Q2":0.570279390970245,"final_s10_Q1":0,"train/distill_fb":6.7070417404174805,"final_s10_avg":0.12708333333333333,"train/distill_pi":0,"train/stage":3,"final_mean_d_avg":0.5357339523829675,"eval/Q1/s10":0,"final_mean_d_Q1":0.8033305555582047}