{"final_s10_Q1":0,"train/stage":3,"_runtime":4640.533261877,"train/distill_fb":10.627605438232422,"train/distill_pi":0,"final_mean_d_Q1":0.6818159290589392,"eval/Q3/s10":0,"eval/Q3/mean_d":0.7109408978372812,"_timestamp":1.77577277568765e+09,"eval/Q2/mean_d":0.732915336638689,"eval/Q1/mean_d":0.6818159290589392,"final_s10_Q3":0,"eval/Q2/s10":0,"train/actor_loss":2.537815809249878,"final_mean_d_Q2":0.732915336638689,"final_s10_Q2":0,"final_mean_d_avg":0.7085573878449698,"final_mean_d_Q3":0.7109408978372812,"final_s10_avg":0,"eval/Q1/s10":0,"_wandb":{"runtime":4640},"_step":180000,"train/fb_loss":-54.380340576171875}