{"eval/Q3/mean_d":0.31508187237195673,"train/distill_pi":5.41971492767334,"train/distill_fb":0,"eval/Q3/s10":0.18125,"eval/Q1/mean_d":0.6716583490371704,"_timestamp":1.7758266675639663e+09,"final_mean_d_Q3":0.31508187237195673,"final_s10_avg":0.07708333333333334,"train/actor_loss":-334.6488342285156,"final_mean_d_Q1":0.6716583490371704,"final_mean_d_Q2":0.4412654897198081,"_step":180000,"eval/Q2/mean_d":0.4412654897198081,"final_s10_Q3":0.18125,"eval/Q1/s10":0,"_runtime":4331.060786166,"train/fb_loss":560.8289794921875,"final_s10_Q2":0.05,"final_s10_Q1":0,"train/stage":3,"final_mean_d_avg":0.476001903709645,"eval/Q2/s10":0.05,"_wandb":{"runtime":4331}}