{"final_s10_Q2":0,"final_mean_d_Q1":0.7458154489286244,"_runtime":4609.665324134,"train/distill_pi":0,"final_s10_Q3":0,"eval/Q3/s10":0,"_wandb":{"runtime":4609},"train/actor_loss":-439.8414306640625,"final_mean_d_Q2":0.6821988752577454,"_timestamp":1.775777395132431e+09,"train/distill_fb":336151.65625,"_step":180000,"train/stage":3,"final_s10_Q1":0,"final_s10_avg":0,"eval/Q1/s10":0,"final_mean_d_Q3":0.5848274826537818,"eval/Q2/s10":0,"eval/Q3/mean_d":0.5848274826537818,"eval/Q2/mean_d":0.6821988752577454,"final_mean_d_avg":0.6709472689467173,"train/fb_loss":-508.8768310546875,"eval/Q1/mean_d":0.7458154489286244}