{"final_mean_d_Q3":0.5764803246594965,"train/fb_loss":201.899169921875,"final_s10_Q2":0,"final_s10_Q3":0,"_step":180000,"eval/Q2/mean_d":0.7465990489348769,"final_s10_Q1":0,"eval/Q3/mean_d":0.5764803246594965,"_wandb":{"runtime":4406},"train/distill_pi":0,"eval/Q2/s10":0,"eval/Q1/s10":0,"train/stage":3,"final_s10_avg":0,"_timestamp":1.7758178971353173e+09,"train/distill_fb":2.332117248e+09,"final_mean_d_Q1":0.9411933120340109,"final_mean_d_avg":0.7547575618761281,"train/actor_loss":-270.1443176269531,"eval/Q3/s10":0,"_runtime":4406.093070402,"final_mean_d_Q2":0.7465990489348769,"eval/Q1/mean_d":0.9411933120340109}