{"eval/Q3/s10":0,"train/fb_loss":192.80062866210938,"eval/Q2/s10":0,"eval/Q2/mean_d":0.8031930209137499,"final_mean_d_Q3":0.9497188623994589,"final_s10_Q3":0,"train/distill_fb":113312.390625,"final_s10_Q1":0.03125,"final_s10_Q2":0,"final_mean_d_Q2":0.8031930209137499,"_timestamp":1.7757773868118243e+09,"eval/Q1/mean_d":0.5757219491526484,"final_mean_d_avg":0.7762112774886191,"train/actor_loss":-305.93682861328125,"final_mean_d_Q1":0.5757219491526484,"eval/Q3/mean_d":0.9497188623994589,"_wandb":{"runtime":4616},"final_s10_avg":0.010416666666666666,"_runtime":4616.959814244,"train/stage":3,"train/distill_pi":0,"_step":180000,"eval/Q1/s10":0.03125}