{"train/fb_loss":925.750244140625,"eval/Q3/mean_d":0.5324811910977587,"train/actor_loss":-579.71875,"final_mean_d_avg":0.6787034522353982,"eval/Q1/s10":0,"final_mean_d_Q1":0.7942063480615615,"train/stage":3,"eval/Q2/s10":0,"eval/Q3/s10":0.0125,"eval/Q1/mean_d":0.7942063480615615,"final_mean_d_Q2":0.7094228175468743,"_runtime":4602.566742158,"final_s10_Q3":0.0125,"final_s10_avg":0.004166666666666667,"_step":180000,"final_s10_Q2":0,"train/distill_pi":0,"eval/Q2/mean_d":0.7094228175468743,"final_s10_Q1":0,"_wandb":{"runtime":4602},"train/distill_fb":76995.984375,"_timestamp":1.7757819974129186e+09,"final_mean_d_Q3":0.5324811910977587}