{"eval/Q1/mean_d":0.7015751997940243,"final_s10_avg":0.13958333333333334,"_wandb":{"runtime":4447},"eval/Q3/s10":0.41875,"train/distill_pi":0,"eval/Q2/s10":0,"final_mean_d_avg":0.48723065990488973,"final_mean_d_Q2":0.6193903563544154,"final_s10_Q2":0,"train/actor_loss":-344.60333251953125,"final_s10_Q1":0,"eval/Q3/mean_d":0.14072642356622964,"_timestamp":1.775795418435758e+09,"eval/Q2/mean_d":0.6193903563544154,"final_s10_Q3":0.41875,"train/stage":3,"final_mean_d_Q1":0.7015751997940243,"_step":180000,"final_mean_d_Q3":0.14072642356622964,"train/distill_fb":68.61021423339844,"_runtime":4447.772545588,"eval/Q1/s10":0,"train/fb_loss":98.05082702636719}