{"train/distill_pi":0,"final_s10_Q2":0,"_runtime":4561.041297632,"final_mean_d_Q2":0.6893241061829031,"train/fb_loss":156817.234375,"final_s10_Q3":0.2,"eval/Q2/s10":0,"train/distill_fb":78268.0234375,"eval/Q1/mean_d":0.8713140081614256,"train/actor_loss":-166.18099975585938,"_step":180000,"eval/Q1/s10":0,"eval/Q3/s10":0.2,"_timestamp":1.775809076681959e+09,"final_s10_avg":0.06666666666666667,"eval/Q2/mean_d":0.6893241061829031,"final_mean_d_avg":0.6031550349745278,"final_mean_d_Q3":0.24882699057925492,"final_s10_Q1":0,"final_mean_d_Q1":0.8713140081614256,"eval/Q3/mean_d":0.24882699057925492,"train/stage":3,"_wandb":{"runtime":4561}}