{"_runtime":4333.864178901,"final_mean_d_avg":0.48746034665964544,"final_mean_d_Q3":0.12286557317711413,"final_s10_Q2":0,"eval/Q3/s10":0.5,"eval/Q1/mean_d":0.8084005963057279,"_step":180000,"_wandb":{"runtime":4333},"train/distill_pi":0.8375277519226074,"eval/Q3/mean_d":0.12286557317711413,"train/actor_loss":-288.2520751953125,"train/stage":3,"eval/Q1/s10":0,"_timestamp":1.7758454759801795e+09,"final_s10_Q3":0.5,"train/distill_fb":0,"eval/Q2/s10":0,"train/fb_loss":134.36434936523438,"final_s10_avg":0.16666666666666666,"final_mean_d_Q1":0.8084005963057279,"eval/Q2/mean_d":0.5311148704960942,"final_s10_Q1":0,"final_mean_d_Q2":0.5311148704960942}