{"train/distill_pi":0.2394351214170456,"eval/Q2/mean_d":0.3472098651342094,"eval/Q2/s10":0.1,"eval/Q3/mean_d":0.19526804919587448,"final_mean_d_Q2":0.3472098651342094,"final_s10_avg":0.21875,"train/stage":3,"_runtime":4324.355556906,"train/actor_loss":-260.8587646484375,"eval/Q1/s10":0,"_step":180000,"train/distill_fb":0,"_wandb":{"runtime":4324},"train/fb_loss":84.41675567626953,"final_s10_Q3":0.55625,"_timestamp":1.775849806281066e+09,"final_s10_Q2":0.1,"eval/Q3/s10":0.55625,"eval/Q1/mean_d":0.5327652364969253,"final_mean_d_avg":0.358414383609003,"final_s10_Q1":0,"final_mean_d_Q3":0.19526804919587448,"final_mean_d_Q1":0.5327652364969253}